ISO-10303-21;
HEADER;
FILE_DESCRIPTION(('Designed by EasyEDA Pro'),'2;1');
FILE_NAME('Open CASCADE Shape Model','2026-08-29T11:51:51',('Author'),(
    'Open CASCADE'),'Open CASCADE STEP processor 7.8','Open CASCADE 7.8'
  ,'Unknown');
FILE_SCHEMA(('AUTOMOTIVE_DESIGN { 1 0 10303 214 1 1 1 1 }'));
ENDSEC;
DATA;
#1 = APPLICATION_PROTOCOL_DEFINITION('international standard',
  'automotive_design',2000,#2);
#2 = APPLICATION_CONTEXT(
  'core data for automotive mechanical design processes');
#3 = SHAPE_DEFINITION_REPRESENTATION(#4,#10);
#4 = PRODUCT_DEFINITION_SHAPE('','',#5);
#5 = PRODUCT_DEFINITION('design','',#6,#9);
#6 = PRODUCT_DEFINITION_FORMATION('','',#7);
#7 = PRODUCT('EasyEDA PCB Model~fjnO','EasyEDA PCB Model~fjnO','',(#8));
#8 = PRODUCT_CONTEXT('',#2,'mechanical');
#9 = PRODUCT_DEFINITION_CONTEXT('part definition',#2,'design');
#10 = SHAPE_REPRESENTATION('',(#11,#15,#19,#23,#27,#31,#35,#39),#43);
#11 = AXIS2_PLACEMENT_3D('',#12,#13,#14);
#12 = CARTESIAN_POINT('',(0.,0.,0.));
#13 = DIRECTION('',(0.,0.,1.));
#14 = DIRECTION('',(1.,0.,-0.));
#15 = AXIS2_PLACEMENT_3D('',#16,#17,#18);
#16 = CARTESIAN_POINT('',(0.,0.,0.));
#17 = DIRECTION('',(0.,0.,1.));
#18 = DIRECTION('',(1.,0.,-0.));
#19 = AXIS2_PLACEMENT_3D('',#20,#21,#22);
#20 = CARTESIAN_POINT('',(0.,0.,0.));
#21 = DIRECTION('',(0.,0.,1.));
#22 = DIRECTION('',(1.,0.,-0.));
#23 = AXIS2_PLACEMENT_3D('',#24,#25,#26);
#24 = CARTESIAN_POINT('',(0.,0.,0.));
#25 = DIRECTION('',(0.,0.,1.));
#26 = DIRECTION('',(1.,0.,-0.));
#27 = AXIS2_PLACEMENT_3D('',#28,#29,#30);
#28 = CARTESIAN_POINT('',(0.,0.,0.));
#29 = DIRECTION('',(0.,0.,1.));
#30 = DIRECTION('',(1.,0.,-0.));
#31 = AXIS2_PLACEMENT_3D('',#32,#33,#34);
#32 = CARTESIAN_POINT('',(0.,0.,0.));
#33 = DIRECTION('',(0.,0.,1.));
#34 = DIRECTION('',(1.,0.,-0.));
#35 = AXIS2_PLACEMENT_3D('',#36,#37,#38);
#36 = CARTESIAN_POINT('',(0.,0.,0.));
#37 = DIRECTION('',(0.,0.,1.));
#38 = DIRECTION('',(1.,0.,-0.));
#39 = AXIS2_PLACEMENT_3D('',#40,#41,#42);
#40 = CARTESIAN_POINT('',(0.,0.,0.));
#41 = DIRECTION('',(0.,0.,1.));
#42 = DIRECTION('',(1.,0.,-0.));
#43 = ( GEOMETRIC_REPRESENTATION_CONTEXT(3) 
GLOBAL_UNCERTAINTY_ASSIGNED_CONTEXT((#47)) GLOBAL_UNIT_ASSIGNED_CONTEXT(
(#44,#45,#46)) REPRESENTATION_CONTEXT('Context #1',
  '3D Context with UNIT and UNCERTAINTY') );
#44 = ( LENGTH_UNIT() NAMED_UNIT(*) SI_UNIT(.MILLI.,.METRE.) );
#45 = ( NAMED_UNIT(*) PLANE_ANGLE_UNIT() SI_UNIT($,.RADIAN.) );
#46 = ( NAMED_UNIT(*) SI_UNIT($,.STERADIAN.) SOLID_ANGLE_UNIT() );
#47 = UNCERTAINTY_MEASURE_WITH_UNIT(LENGTH_MEASURE(1.E-07),#44,
  'distance_accuracy_value','confusion accuracy');
#48 = PRODUCT_RELATED_PRODUCT_CATEGORY('part',$,(#7));
#49 = SHAPE_DEFINITION_REPRESENTATION(#50,#56);
#50 = PRODUCT_DEFINITION_SHAPE('','',#51);
#51 = PRODUCT_DEFINITION('design','',#52,#55);
#52 = PRODUCT_DEFINITION_FORMATION('','',#53);
#53 = PRODUCT('Board~fjnO','Board~fjnO','',(#54));
#54 = PRODUCT_CONTEXT('',#2,'mechanical');
#55 = PRODUCT_DEFINITION_CONTEXT('part definition',#2,'design');
#56 = ADVANCED_BREP_SHAPE_REPRESENTATION('',(#11,#57),#4105);
#57 = MANIFOLD_SOLID_BREP('',#58);
#58 = CLOSED_SHELL('',(#59,#101,#132,#165,#196,#229,#260,#293,#315,#357,
    #381,#423,#447,#489,#513,#555,#579,#621,#645,#687,#711,#753,#777,
    #819,#843,#885,#909,#951,#975,#1017,#1041,#1083,#1107,#1149,#1173,
    #1215,#1239,#1281,#1305,#1347,#1371,#1413,#1437,#1479,#1503,#1545,
    #1569,#1611,#1635,#1677,#1701,#1743,#1767,#1809,#1833,#1875,#1899,
    #1941,#1965,#2007,#2031,#2073,#2097,#2139,#2163,#2205,#2229,#2271,
    #2295,#2337,#2361,#2403,#2427,#2469,#2493,#2535,#2559,#2601,#2625,
    #2667,#2691,#2733,#2757,#2799,#2823,#2865,#2889,#2931,#2955,#2997,
    #3021,#3063,#3087,#3129,#3153,#3195,#3219,#3261,#3285,#3327,#3351,
    #3391,#3424,#3455,#3479,#3519,#3552,#3583,#3607,#3649,#3673,#3889));
#59 = ADVANCED_FACE('',(#60),#96,.T.);
#60 = FACE_BOUND('',#61,.T.);
#61 = EDGE_LOOP('',(#62,#72,#81,#89));
#62 = ORIENTED_EDGE('',*,*,#63,.T.);
#63 = EDGE_CURVE('',#64,#66,#68,.T.);
#64 = VERTEX_POINT('',#65);
#65 = CARTESIAN_POINT('',(6.997688595377,140.67800355606,0.));
#66 = VERTEX_POINT('',#67);
#67 = CARTESIAN_POINT('',(6.997688595377,140.67800355606,
    9.004318008636E-02));
#68 = LINE('',#69,#70);
#69 = CARTESIAN_POINT('',(6.997688595377,140.67800355606,0.));
#70 = VECTOR('',#71,1.);
#71 = DIRECTION('',(0.,0.,1.));
#72 = ORIENTED_EDGE('',*,*,#73,.T.);
#73 = EDGE_CURVE('',#66,#74,#76,.T.);
#74 = VERTEX_POINT('',#75);
#75 = CARTESIAN_POINT('',(12.953016297705,146.67218721293,
    9.004318008636E-02));
#76 = CIRCLE('',#77,5.994310388621);
#77 = AXIS2_PLACEMENT_3D('',#78,#79,#80);
#78 = CARTESIAN_POINT('',(12.991998983998,140.67800358334,
    9.004318008636E-02));
#79 = DIRECTION('',(0.,0.,-1.));
#80 = DIRECTION('',(-1.,-4.550373099255E-09,-0.));
#81 = ORIENTED_EDGE('',*,*,#82,.F.);
#82 = EDGE_CURVE('',#83,#74,#85,.T.);
#83 = VERTEX_POINT('',#84);
#84 = CARTESIAN_POINT('',(12.953016297705,146.67218721293,0.));
#85 = LINE('',#86,#87);
#86 = CARTESIAN_POINT('',(12.953016297705,146.67218721293,0.));
#87 = VECTOR('',#88,1.);
#88 = DIRECTION('',(0.,0.,1.));
#89 = ORIENTED_EDGE('',*,*,#90,.F.);
#90 = EDGE_CURVE('',#64,#83,#91,.T.);
#91 = CIRCLE('',#92,5.994310388621);
#92 = AXIS2_PLACEMENT_3D('',#93,#94,#95);
#93 = CARTESIAN_POINT('',(12.991998983998,140.67800358334,0.));
#94 = DIRECTION('',(0.,0.,-1.));
#95 = DIRECTION('',(-1.,-4.550373099255E-09,-0.));
#96 = CYLINDRICAL_SURFACE('',#97,5.994310388621);
#97 = AXIS2_PLACEMENT_3D('',#98,#99,#100);
#98 = CARTESIAN_POINT('',(12.991998983998,140.67800358334,0.));
#99 = DIRECTION('',(0.,0.,-1.));
#100 = DIRECTION('',(-1.,-4.550373099255E-09,-0.));
#101 = ADVANCED_FACE('',(#102),#127,.T.);
#102 = FACE_BOUND('',#103,.T.);
#103 = EDGE_LOOP('',(#104,#105,#113,#121));
#104 = ORIENTED_EDGE('',*,*,#82,.T.);
#105 = ORIENTED_EDGE('',*,*,#106,.T.);
#106 = EDGE_CURVE('',#74,#107,#109,.T.);
#107 = VERTEX_POINT('',#108);
#108 = CARTESIAN_POINT('',(120.99298958597,146.67228854457,
    9.004318008636E-02));
#109 = LINE('',#110,#111);
#110 = CARTESIAN_POINT('',(12.953016297705,146.67218721293,
    9.004318008636E-02));
#111 = VECTOR('',#112,1.);
#112 = DIRECTION('',(1.,9.379087971311E-07,0.));
#113 = ORIENTED_EDGE('',*,*,#114,.F.);
#114 = EDGE_CURVE('',#115,#107,#117,.T.);
#115 = VERTEX_POINT('',#116);
#116 = CARTESIAN_POINT('',(120.99298958597,146.67228854457,0.));
#117 = LINE('',#118,#119);
#118 = CARTESIAN_POINT('',(120.99298958597,146.67228854457,0.));
#119 = VECTOR('',#120,1.);
#120 = DIRECTION('',(0.,0.,1.));
#121 = ORIENTED_EDGE('',*,*,#122,.F.);
#122 = EDGE_CURVE('',#83,#115,#123,.T.);
#123 = LINE('',#124,#125);
#124 = CARTESIAN_POINT('',(12.953016297705,146.67218721293,0.));
#125 = VECTOR('',#126,1.);
#126 = DIRECTION('',(1.,9.379087971311E-07,0.));
#127 = PLANE('',#128);
#128 = AXIS2_PLACEMENT_3D('',#129,#130,#131);
#129 = CARTESIAN_POINT('',(12.953016297705,146.67218721293,0.));
#130 = DIRECTION('',(-9.379087971311E-07,1.,0.));
#131 = DIRECTION('',(1.,9.379087971311E-07,0.));
#132 = ADVANCED_FACE('',(#133),#160,.T.);
#133 = FACE_BOUND('',#134,.T.);
#134 = EDGE_LOOP('',(#135,#136,#145,#153));
#135 = ORIENTED_EDGE('',*,*,#114,.T.);
#136 = ORIENTED_EDGE('',*,*,#137,.T.);
#137 = EDGE_CURVE('',#107,#138,#140,.T.);
#138 = VERTEX_POINT('',#139);
#139 = CARTESIAN_POINT('',(126.99431038862,140.67797815595,
    9.004318008636E-02));
#140 = CIRCLE('',#141,5.997816619877);
#141 = AXIS2_PLACEMENT_3D('',#142,#143,#144);
#142 = CARTESIAN_POINT('',(120.99649479299,140.67447294894,
    9.004318008636E-02));
#143 = DIRECTION('',(0.,0.,-1.));
#144 = DIRECTION('',(-5.844138346537E-04,0.99999982923,0.));
#145 = ORIENTED_EDGE('',*,*,#146,.F.);
#146 = EDGE_CURVE('',#147,#138,#149,.T.);
#147 = VERTEX_POINT('',#148);
#148 = CARTESIAN_POINT('',(126.99431038862,140.67797815595,0.));
#149 = LINE('',#150,#151);
#150 = CARTESIAN_POINT('',(126.99431038862,140.67797815595,0.));
#151 = VECTOR('',#152,1.);
#152 = DIRECTION('',(0.,0.,1.));
#153 = ORIENTED_EDGE('',*,*,#154,.F.);
#154 = EDGE_CURVE('',#115,#147,#155,.T.);
#155 = CIRCLE('',#156,5.997816619877);
#156 = AXIS2_PLACEMENT_3D('',#157,#158,#159);
#157 = CARTESIAN_POINT('',(120.99649479299,140.67447294894,0.));
#158 = DIRECTION('',(0.,0.,-1.));
#159 = DIRECTION('',(-5.844138346537E-04,0.99999982923,0.));
#160 = CYLINDRICAL_SURFACE('',#161,5.997816619877);
#161 = AXIS2_PLACEMENT_3D('',#162,#163,#164);
#162 = CARTESIAN_POINT('',(120.99649479299,140.67447294894,0.));
#163 = DIRECTION('',(0.,0.,-1.));
#164 = DIRECTION('',(-5.844138346537E-04,0.99999982923,0.));
#165 = ADVANCED_FACE('',(#166),#191,.T.);
#166 = FACE_BOUND('',#167,.T.);
#167 = EDGE_LOOP('',(#168,#169,#177,#185));
#168 = ORIENTED_EDGE('',*,*,#146,.T.);
#169 = ORIENTED_EDGE('',*,*,#170,.T.);
#170 = EDGE_CURVE('',#138,#171,#173,.T.);
#171 = VERTEX_POINT('',#172);
#172 = CARTESIAN_POINT('',(126.99431038862,32.676962207625,
    9.004318008636E-02));
#173 = LINE('',#174,#175);
#174 = CARTESIAN_POINT('',(126.99431038862,140.67797815595,
    9.004318008636E-02));
#175 = VECTOR('',#176,1.);
#176 = DIRECTION('',(1.315807503329E-15,-1.,0.));
#177 = ORIENTED_EDGE('',*,*,#178,.F.);
#178 = EDGE_CURVE('',#179,#171,#181,.T.);
#179 = VERTEX_POINT('',#180);
#180 = CARTESIAN_POINT('',(126.99431038862,32.676962207625,0.));
#181 = LINE('',#182,#183);
#182 = CARTESIAN_POINT('',(126.99431038862,32.676962207625,0.));
#183 = VECTOR('',#184,1.);
#184 = DIRECTION('',(0.,0.,1.));
#185 = ORIENTED_EDGE('',*,*,#186,.F.);
#186 = EDGE_CURVE('',#147,#179,#187,.T.);
#187 = LINE('',#188,#189);
#188 = CARTESIAN_POINT('',(126.99431038862,140.67797815595,0.));
#189 = VECTOR('',#190,1.);
#190 = DIRECTION('',(1.315807503329E-15,-1.,0.));
#191 = PLANE('',#192);
#192 = AXIS2_PLACEMENT_3D('',#193,#194,#195);
#193 = CARTESIAN_POINT('',(126.99431038862,140.67797815595,0.));
#194 = DIRECTION('',(1.,1.315807503329E-15,-0.));
#195 = DIRECTION('',(1.315807503329E-15,-1.,0.));
#196 = ADVANCED_FACE('',(#197),#224,.T.);
#197 = FACE_BOUND('',#198,.T.);
#198 = EDGE_LOOP('',(#199,#200,#209,#217));
#199 = ORIENTED_EDGE('',*,*,#178,.T.);
#200 = ORIENTED_EDGE('',*,*,#201,.T.);
#201 = EDGE_CURVE('',#171,#202,#204,.T.);
#202 = VERTEX_POINT('',#203);
#203 = CARTESIAN_POINT('',(121.01745024164,26.682702565405,
    9.004318008636E-02));
#204 = CIRCLE('',#205,5.994310388621);
#205 = AXIS2_PLACEMENT_3D('',#206,#207,#208);
#206 = CARTESIAN_POINT('',(121.00000000005,32.676987553975,
    9.004318008636E-02));
#207 = DIRECTION('',(0.,0.,-1.));
#208 = DIRECTION('',(0.999999999991,-4.228401337376E-06,0.));
#209 = ORIENTED_EDGE('',*,*,#210,.F.);
#210 = EDGE_CURVE('',#211,#202,#213,.T.);
#211 = VERTEX_POINT('',#212);
#212 = CARTESIAN_POINT('',(121.01745024164,26.682702565405,0.));
#213 = LINE('',#214,#215);
#214 = CARTESIAN_POINT('',(121.01745024164,26.682702565405,0.));
#215 = VECTOR('',#216,1.);
#216 = DIRECTION('',(0.,0.,1.));
#217 = ORIENTED_EDGE('',*,*,#218,.F.);
#218 = EDGE_CURVE('',#179,#211,#219,.T.);
#219 = CIRCLE('',#220,5.994310388621);
#220 = AXIS2_PLACEMENT_3D('',#221,#222,#223);
#221 = CARTESIAN_POINT('',(121.00000000005,32.676987553975,0.));
#222 = DIRECTION('',(0.,0.,-1.));
#223 = DIRECTION('',(0.999999999991,-4.228401337376E-06,0.));
#224 = CYLINDRICAL_SURFACE('',#225,5.994310388621);
#225 = AXIS2_PLACEMENT_3D('',#226,#227,#228);
#226 = CARTESIAN_POINT('',(121.00000000005,32.676987553975,0.));
#227 = DIRECTION('',(0.,0.,-1.));
#228 = DIRECTION('',(0.999999999991,-4.228401337376E-06,0.));
#229 = ADVANCED_FACE('',(#230),#255,.T.);
#230 = FACE_BOUND('',#231,.T.);
#231 = EDGE_LOOP('',(#232,#233,#241,#249));
#232 = ORIENTED_EDGE('',*,*,#210,.T.);
#233 = ORIENTED_EDGE('',*,*,#234,.T.);
#234 = EDGE_CURVE('',#202,#235,#237,.T.);
#235 = VERTEX_POINT('',#236);
#236 = CARTESIAN_POINT('',(12.991998983998,26.682702565405,
    9.004318008636E-02));
#237 = LINE('',#238,#239);
#238 = CARTESIAN_POINT('',(121.01745024164,26.682702565405,
    9.004318008636E-02));
#239 = VECTOR('',#240,1.);
#240 = DIRECTION('',(-1.,-9.866324011904E-17,0.));
#241 = ORIENTED_EDGE('',*,*,#242,.F.);
#242 = EDGE_CURVE('',#243,#235,#245,.T.);
#243 = VERTEX_POINT('',#244);
#244 = CARTESIAN_POINT('',(12.991998983998,26.682702565405,0.));
#245 = LINE('',#246,#247);
#246 = CARTESIAN_POINT('',(12.991998983998,26.682702565405,0.));
#247 = VECTOR('',#248,1.);
#248 = DIRECTION('',(0.,0.,1.));
#249 = ORIENTED_EDGE('',*,*,#250,.F.);
#250 = EDGE_CURVE('',#211,#243,#251,.T.);
#251 = LINE('',#252,#253);
#252 = CARTESIAN_POINT('',(121.01745024164,26.682702565405,0.));
#253 = VECTOR('',#254,1.);
#254 = DIRECTION('',(-1.,-9.866324011904E-17,0.));
#255 = PLANE('',#256);
#256 = AXIS2_PLACEMENT_3D('',#257,#258,#259);
#257 = CARTESIAN_POINT('',(121.01745024164,26.682702565405,0.));
#258 = DIRECTION('',(9.866324011904E-17,-1.,0.));
#259 = DIRECTION('',(-1.,-9.866324011904E-17,0.));
#260 = ADVANCED_FACE('',(#261),#288,.T.);
#261 = FACE_BOUND('',#262,.T.);
#262 = EDGE_LOOP('',(#263,#264,#273,#281));
#263 = ORIENTED_EDGE('',*,*,#242,.T.);
#264 = ORIENTED_EDGE('',*,*,#265,.T.);
#265 = EDGE_CURVE('',#235,#266,#268,.T.);
#266 = VERTEX_POINT('',#267);
#267 = CARTESIAN_POINT('',(6.997688595431,32.676987553975,
    9.004318008636E-02));
#268 = CIRCLE('',#269,5.994310388621);
#269 = AXIS2_PLACEMENT_3D('',#270,#271,#272);
#270 = CARTESIAN_POINT('',(12.991998983998,32.677012954026,
    9.004318008636E-02));
#271 = DIRECTION('',(-0.,0.,-1.));
#272 = DIRECTION('',(3.143172141766E-16,-1.,-0.));
#273 = ORIENTED_EDGE('',*,*,#274,.F.);
#274 = EDGE_CURVE('',#275,#266,#277,.T.);
#275 = VERTEX_POINT('',#276);
#276 = CARTESIAN_POINT('',(6.997688595431,32.676987553975,0.));
#277 = LINE('',#278,#279);
#278 = CARTESIAN_POINT('',(6.997688595431,32.676987553975,0.));
#279 = VECTOR('',#280,1.);
#280 = DIRECTION('',(0.,0.,1.));
#281 = ORIENTED_EDGE('',*,*,#282,.F.);
#282 = EDGE_CURVE('',#243,#275,#283,.T.);
#283 = CIRCLE('',#284,5.994310388621);
#284 = AXIS2_PLACEMENT_3D('',#285,#286,#287);
#285 = CARTESIAN_POINT('',(12.991998983998,32.677012954026,0.));
#286 = DIRECTION('',(-0.,0.,-1.));
#287 = DIRECTION('',(3.143172141766E-16,-1.,-0.));
#288 = CYLINDRICAL_SURFACE('',#289,5.994310388621);
#289 = AXIS2_PLACEMENT_3D('',#290,#291,#292);
#290 = CARTESIAN_POINT('',(12.991998983998,32.677012954026,0.));
#291 = DIRECTION('',(-0.,0.,-1.));
#292 = DIRECTION('',(3.143172141766E-16,-1.,-0.));
#293 = ADVANCED_FACE('',(#294),#310,.T.);
#294 = FACE_BOUND('',#295,.T.);
#295 = EDGE_LOOP('',(#296,#297,#303,#304));
#296 = ORIENTED_EDGE('',*,*,#274,.T.);
#297 = ORIENTED_EDGE('',*,*,#298,.T.);
#298 = EDGE_CURVE('',#266,#66,#299,.T.);
#299 = LINE('',#300,#301);
#300 = CARTESIAN_POINT('',(6.997688595431,32.676987553975,
    9.004318008636E-02));
#301 = VECTOR('',#302,1.);
#302 = DIRECTION('',(-4.983785392318E-13,1.,0.));
#303 = ORIENTED_EDGE('',*,*,#63,.F.);
#304 = ORIENTED_EDGE('',*,*,#305,.F.);
#305 = EDGE_CURVE('',#275,#64,#306,.T.);
#306 = LINE('',#307,#308);
#307 = CARTESIAN_POINT('',(6.997688595431,32.676987553975,0.));
#308 = VECTOR('',#309,1.);
#309 = DIRECTION('',(-4.983785392318E-13,1.,0.));
#310 = PLANE('',#311);
#311 = AXIS2_PLACEMENT_3D('',#312,#313,#314);
#312 = CARTESIAN_POINT('',(6.997688595431,32.676987553975,0.));
#313 = DIRECTION('',(-1.,-4.983785392318E-13,0.));
#314 = DIRECTION('',(-4.983785392318E-13,1.,0.));
#315 = ADVANCED_FACE('',(#316),#352,.F.);
#316 = FACE_BOUND('',#317,.T.);
#317 = EDGE_LOOP('',(#318,#328,#337,#345));
#318 = ORIENTED_EDGE('',*,*,#319,.T.);
#319 = EDGE_CURVE('',#320,#322,#324,.T.);
#320 = VERTEX_POINT('',#321);
#321 = CARTESIAN_POINT('',(11.802794005588,107.06085852171,0.));
#322 = VERTEX_POINT('',#323);
#323 = CARTESIAN_POINT('',(11.802794005588,107.06085852171,
    9.004318008636E-02));
#324 = LINE('',#325,#326);
#325 = CARTESIAN_POINT('',(11.802794005588,107.06085852171,0.));
#326 = VECTOR('',#327,1.);
#327 = DIRECTION('',(0.,0.,1.));
#328 = ORIENTED_EDGE('',*,*,#329,.T.);
#329 = EDGE_CURVE('',#322,#330,#332,.T.);
#330 = VERTEX_POINT('',#331);
#331 = CARTESIAN_POINT('',(10.802794005588,107.06085852171,
    9.004318008636E-02));
#332 = CIRCLE('',#333,0.5);
#333 = AXIS2_PLACEMENT_3D('',#334,#335,#336);
#334 = CARTESIAN_POINT('',(11.302794005588,107.06085852171,
    9.004318008636E-02));
#335 = DIRECTION('',(0.,0.,1.));
#336 = DIRECTION('',(1.,1.110223024625E-16,-0.));
#337 = ORIENTED_EDGE('',*,*,#338,.F.);
#338 = EDGE_CURVE('',#339,#330,#341,.T.);
#339 = VERTEX_POINT('',#340);
#340 = CARTESIAN_POINT('',(10.802794005588,107.06085852171,0.));
#341 = LINE('',#342,#343);
#342 = CARTESIAN_POINT('',(10.802794005588,107.06085852171,0.));
#343 = VECTOR('',#344,1.);
#344 = DIRECTION('',(0.,0.,1.));
#345 = ORIENTED_EDGE('',*,*,#346,.F.);
#346 = EDGE_CURVE('',#320,#339,#347,.T.);
#347 = CIRCLE('',#348,0.5);
#348 = AXIS2_PLACEMENT_3D('',#349,#350,#351);
#349 = CARTESIAN_POINT('',(11.302794005588,107.06085852171,0.));
#350 = DIRECTION('',(0.,0.,1.));
#351 = DIRECTION('',(1.,1.110223024625E-16,-0.));
#352 = CYLINDRICAL_SURFACE('',#353,0.5);
#353 = AXIS2_PLACEMENT_3D('',#354,#355,#356);
#354 = CARTESIAN_POINT('',(11.302794005588,107.06085852171,0.));
#355 = DIRECTION('',(-0.,-0.,-1.));
#356 = DIRECTION('',(1.,1.110223024625E-16,-0.));
#357 = ADVANCED_FACE('',(#358),#376,.F.);
#358 = FACE_BOUND('',#359,.T.);
#359 = EDGE_LOOP('',(#360,#361,#368,#369));
#360 = ORIENTED_EDGE('',*,*,#338,.T.);
#361 = ORIENTED_EDGE('',*,*,#362,.T.);
#362 = EDGE_CURVE('',#330,#322,#363,.T.);
#363 = CIRCLE('',#364,0.5);
#364 = AXIS2_PLACEMENT_3D('',#365,#366,#367);
#365 = CARTESIAN_POINT('',(11.302794005588,107.06085852171,
    9.004318008636E-02));
#366 = DIRECTION('',(0.,0.,1.));
#367 = DIRECTION('',(-1.,-1.110223024625E-16,0.));
#368 = ORIENTED_EDGE('',*,*,#319,.F.);
#369 = ORIENTED_EDGE('',*,*,#370,.F.);
#370 = EDGE_CURVE('',#339,#320,#371,.T.);
#371 = CIRCLE('',#372,0.5);
#372 = AXIS2_PLACEMENT_3D('',#373,#374,#375);
#373 = CARTESIAN_POINT('',(11.302794005588,107.06085852171,0.));
#374 = DIRECTION('',(0.,0.,1.));
#375 = DIRECTION('',(-1.,-1.110223024625E-16,0.));
#376 = CYLINDRICAL_SURFACE('',#377,0.5);
#377 = AXIS2_PLACEMENT_3D('',#378,#379,#380);
#378 = CARTESIAN_POINT('',(11.302794005588,107.06085852171,0.));
#379 = DIRECTION('',(-0.,-0.,-1.));
#380 = DIRECTION('',(-1.,-1.110223024625E-16,0.));
#381 = ADVANCED_FACE('',(#382),#418,.F.);
#382 = FACE_BOUND('',#383,.T.);
#383 = EDGE_LOOP('',(#384,#394,#403,#411));
#384 = ORIENTED_EDGE('',*,*,#385,.T.);
#385 = EDGE_CURVE('',#386,#388,#390,.T.);
#386 = VERTEX_POINT('',#387);
#387 = CARTESIAN_POINT('',(11.80284480569,92.582829565659,0.));
#388 = VERTEX_POINT('',#389);
#389 = CARTESIAN_POINT('',(11.80284480569,92.582829565659,
    9.004318008636E-02));
#390 = LINE('',#391,#392);
#391 = CARTESIAN_POINT('',(11.80284480569,92.582829565659,0.));
#392 = VECTOR('',#393,1.);
#393 = DIRECTION('',(0.,0.,1.));
#394 = ORIENTED_EDGE('',*,*,#395,.T.);
#395 = EDGE_CURVE('',#388,#396,#398,.T.);
#396 = VERTEX_POINT('',#397);
#397 = CARTESIAN_POINT('',(10.80284480569,92.582829565659,
    9.004318008636E-02));
#398 = CIRCLE('',#399,0.5);
#399 = AXIS2_PLACEMENT_3D('',#400,#401,#402);
#400 = CARTESIAN_POINT('',(11.30284480569,92.582829565659,
    9.004318008636E-02));
#401 = DIRECTION('',(0.,0.,1.));
#402 = DIRECTION('',(1.,1.110223024625E-16,-0.));
#403 = ORIENTED_EDGE('',*,*,#404,.F.);
#404 = EDGE_CURVE('',#405,#396,#407,.T.);
#405 = VERTEX_POINT('',#406);
#406 = CARTESIAN_POINT('',(10.80284480569,92.582829565659,0.));
#407 = LINE('',#408,#409);
#408 = CARTESIAN_POINT('',(10.80284480569,92.582829565659,0.));
#409 = VECTOR('',#410,1.);
#410 = DIRECTION('',(0.,0.,1.));
#411 = ORIENTED_EDGE('',*,*,#412,.F.);
#412 = EDGE_CURVE('',#386,#405,#413,.T.);
#413 = CIRCLE('',#414,0.5);
#414 = AXIS2_PLACEMENT_3D('',#415,#416,#417);
#415 = CARTESIAN_POINT('',(11.30284480569,92.582829565659,0.));
#416 = DIRECTION('',(0.,0.,1.));
#417 = DIRECTION('',(1.,1.110223024625E-16,-0.));
#418 = CYLINDRICAL_SURFACE('',#419,0.5);
#419 = AXIS2_PLACEMENT_3D('',#420,#421,#422);
#420 = CARTESIAN_POINT('',(11.30284480569,92.582829565659,0.));
#421 = DIRECTION('',(-0.,-0.,-1.));
#422 = DIRECTION('',(1.,1.110223024625E-16,-0.));
#423 = ADVANCED_FACE('',(#424),#442,.F.);
#424 = FACE_BOUND('',#425,.T.);
#425 = EDGE_LOOP('',(#426,#427,#434,#435));
#426 = ORIENTED_EDGE('',*,*,#404,.T.);
#427 = ORIENTED_EDGE('',*,*,#428,.T.);
#428 = EDGE_CURVE('',#396,#388,#429,.T.);
#429 = CIRCLE('',#430,0.5);
#430 = AXIS2_PLACEMENT_3D('',#431,#432,#433);
#431 = CARTESIAN_POINT('',(11.30284480569,92.582829565659,
    9.004318008636E-02));
#432 = DIRECTION('',(0.,0.,1.));
#433 = DIRECTION('',(-1.,-1.110223024625E-16,0.));
#434 = ORIENTED_EDGE('',*,*,#385,.F.);
#435 = ORIENTED_EDGE('',*,*,#436,.F.);
#436 = EDGE_CURVE('',#405,#386,#437,.T.);
#437 = CIRCLE('',#438,0.5);
#438 = AXIS2_PLACEMENT_3D('',#439,#440,#441);
#439 = CARTESIAN_POINT('',(11.30284480569,92.582829565659,0.));
#440 = DIRECTION('',(0.,0.,1.));
#441 = DIRECTION('',(-1.,-1.110223024625E-16,0.));
#442 = CYLINDRICAL_SURFACE('',#443,0.5);
#443 = AXIS2_PLACEMENT_3D('',#444,#445,#446);
#444 = CARTESIAN_POINT('',(11.30284480569,92.582829565659,0.));
#445 = DIRECTION('',(-0.,-0.,-1.));
#446 = DIRECTION('',(-1.,-1.110223024625E-16,0.));
#447 = ADVANCED_FACE('',(#448),#484,.F.);
#448 = FACE_BOUND('',#449,.T.);
#449 = EDGE_LOOP('',(#450,#460,#469,#477));
#450 = ORIENTED_EDGE('',*,*,#451,.T.);
#451 = EDGE_CURVE('',#452,#454,#456,.T.);
#452 = VERTEX_POINT('',#453);
#453 = CARTESIAN_POINT('',(11.80287020574,75.31079502159,0.));
#454 = VERTEX_POINT('',#455);
#455 = CARTESIAN_POINT('',(11.80287020574,75.31079502159,
    9.004318008636E-02));
#456 = LINE('',#457,#458);
#457 = CARTESIAN_POINT('',(11.80287020574,75.31079502159,0.));
#458 = VECTOR('',#459,1.);
#459 = DIRECTION('',(0.,0.,1.));
#460 = ORIENTED_EDGE('',*,*,#461,.T.);
#461 = EDGE_CURVE('',#454,#462,#464,.T.);
#462 = VERTEX_POINT('',#463);
#463 = CARTESIAN_POINT('',(10.80287020574,75.31079502159,
    9.004318008636E-02));
#464 = CIRCLE('',#465,0.5);
#465 = AXIS2_PLACEMENT_3D('',#466,#467,#468);
#466 = CARTESIAN_POINT('',(11.30287020574,75.31079502159,
    9.004318008636E-02));
#467 = DIRECTION('',(0.,0.,1.));
#468 = DIRECTION('',(1.,1.110223024625E-16,-0.));
#469 = ORIENTED_EDGE('',*,*,#470,.F.);
#470 = EDGE_CURVE('',#471,#462,#473,.T.);
#471 = VERTEX_POINT('',#472);
#472 = CARTESIAN_POINT('',(10.80287020574,75.31079502159,0.));
#473 = LINE('',#474,#475);
#474 = CARTESIAN_POINT('',(10.80287020574,75.31079502159,0.));
#475 = VECTOR('',#476,1.);
#476 = DIRECTION('',(0.,0.,1.));
#477 = ORIENTED_EDGE('',*,*,#478,.F.);
#478 = EDGE_CURVE('',#452,#471,#479,.T.);
#479 = CIRCLE('',#480,0.5);
#480 = AXIS2_PLACEMENT_3D('',#481,#482,#483);
#481 = CARTESIAN_POINT('',(11.30287020574,75.31079502159,0.));
#482 = DIRECTION('',(0.,0.,1.));
#483 = DIRECTION('',(1.,1.110223024625E-16,-0.));
#484 = CYLINDRICAL_SURFACE('',#485,0.5);
#485 = AXIS2_PLACEMENT_3D('',#486,#487,#488);
#486 = CARTESIAN_POINT('',(11.30287020574,75.31079502159,0.));
#487 = DIRECTION('',(-0.,-0.,-1.));
#488 = DIRECTION('',(1.,1.110223024625E-16,-0.));
#489 = ADVANCED_FACE('',(#490),#508,.F.);
#490 = FACE_BOUND('',#491,.T.);
#491 = EDGE_LOOP('',(#492,#493,#500,#501));
#492 = ORIENTED_EDGE('',*,*,#470,.T.);
#493 = ORIENTED_EDGE('',*,*,#494,.T.);
#494 = EDGE_CURVE('',#462,#454,#495,.T.);
#495 = CIRCLE('',#496,0.5);
#496 = AXIS2_PLACEMENT_3D('',#497,#498,#499);
#497 = CARTESIAN_POINT('',(11.30287020574,75.31079502159,
    9.004318008636E-02));
#498 = DIRECTION('',(0.,0.,1.));
#499 = DIRECTION('',(-1.,-1.110223024625E-16,0.));
#500 = ORIENTED_EDGE('',*,*,#451,.F.);
#501 = ORIENTED_EDGE('',*,*,#502,.F.);
#502 = EDGE_CURVE('',#471,#452,#503,.T.);
#503 = CIRCLE('',#504,0.5);
#504 = AXIS2_PLACEMENT_3D('',#505,#506,#507);
#505 = CARTESIAN_POINT('',(11.30287020574,75.31079502159,0.));
#506 = DIRECTION('',(0.,0.,1.));
#507 = DIRECTION('',(-1.,-1.110223024625E-16,0.));
#508 = CYLINDRICAL_SURFACE('',#509,0.5);
#509 = AXIS2_PLACEMENT_3D('',#510,#511,#512);
#510 = CARTESIAN_POINT('',(11.30287020574,75.31079502159,0.));
#511 = DIRECTION('',(-0.,-0.,-1.));
#512 = DIRECTION('',(-1.,-1.110223024625E-16,0.));
#513 = ADVANCED_FACE('',(#514),#550,.F.);
#514 = FACE_BOUND('',#515,.T.);
#515 = EDGE_LOOP('',(#516,#526,#535,#543));
#516 = ORIENTED_EDGE('',*,*,#517,.T.);
#517 = EDGE_CURVE('',#518,#520,#522,.T.);
#518 = VERTEX_POINT('',#519);
#519 = CARTESIAN_POINT('',(11.803048006096,109.60086360172,0.));
#520 = VERTEX_POINT('',#521);
#521 = CARTESIAN_POINT('',(11.803048006096,109.60086360172,
    9.004318008636E-02));
#522 = LINE('',#523,#524);
#523 = CARTESIAN_POINT('',(11.803048006096,109.60086360172,0.));
#524 = VECTOR('',#525,1.);
#525 = DIRECTION('',(0.,0.,1.));
#526 = ORIENTED_EDGE('',*,*,#527,.T.);
#527 = EDGE_CURVE('',#520,#528,#530,.T.);
#528 = VERTEX_POINT('',#529);
#529 = CARTESIAN_POINT('',(10.803048006096,109.60086360172,
    9.004318008636E-02));
#530 = CIRCLE('',#531,0.5);
#531 = AXIS2_PLACEMENT_3D('',#532,#533,#534);
#532 = CARTESIAN_POINT('',(11.303048006096,109.60086360172,
    9.004318008636E-02));
#533 = DIRECTION('',(0.,0.,1.));
#534 = DIRECTION('',(1.,1.110223024625E-16,-0.));
#535 = ORIENTED_EDGE('',*,*,#536,.F.);
#536 = EDGE_CURVE('',#537,#528,#539,.T.);
#537 = VERTEX_POINT('',#538);
#538 = CARTESIAN_POINT('',(10.803048006096,109.60086360172,0.));
#539 = LINE('',#540,#541);
#540 = CARTESIAN_POINT('',(10.803048006096,109.60086360172,0.));
#541 = VECTOR('',#542,1.);
#542 = DIRECTION('',(0.,0.,1.));
#543 = ORIENTED_EDGE('',*,*,#544,.F.);
#544 = EDGE_CURVE('',#518,#537,#545,.T.);
#545 = CIRCLE('',#546,0.5);
#546 = AXIS2_PLACEMENT_3D('',#547,#548,#549);
#547 = CARTESIAN_POINT('',(11.303048006096,109.60086360172,0.));
#548 = DIRECTION('',(0.,0.,1.));
#549 = DIRECTION('',(1.,1.110223024625E-16,-0.));
#550 = CYLINDRICAL_SURFACE('',#551,0.5);
#551 = AXIS2_PLACEMENT_3D('',#552,#553,#554);
#552 = CARTESIAN_POINT('',(11.303048006096,109.60086360172,0.));
#553 = DIRECTION('',(-0.,-0.,-1.));
#554 = DIRECTION('',(1.,1.110223024625E-16,-0.));
#555 = ADVANCED_FACE('',(#556),#574,.F.);
#556 = FACE_BOUND('',#557,.T.);
#557 = EDGE_LOOP('',(#558,#559,#566,#567));
#558 = ORIENTED_EDGE('',*,*,#536,.T.);
#559 = ORIENTED_EDGE('',*,*,#560,.T.);
#560 = EDGE_CURVE('',#528,#520,#561,.T.);
#561 = CIRCLE('',#562,0.5);
#562 = AXIS2_PLACEMENT_3D('',#563,#564,#565);
#563 = CARTESIAN_POINT('',(11.303048006096,109.60086360172,
    9.004318008636E-02));
#564 = DIRECTION('',(0.,0.,1.));
#565 = DIRECTION('',(-1.,-1.110223024625E-16,0.));
#566 = ORIENTED_EDGE('',*,*,#517,.F.);
#567 = ORIENTED_EDGE('',*,*,#568,.F.);
#568 = EDGE_CURVE('',#537,#518,#569,.T.);
#569 = CIRCLE('',#570,0.5);
#570 = AXIS2_PLACEMENT_3D('',#571,#572,#573);
#571 = CARTESIAN_POINT('',(11.303048006096,109.60086360172,0.));
#572 = DIRECTION('',(0.,0.,1.));
#573 = DIRECTION('',(-1.,-1.110223024625E-16,0.));
#574 = CYLINDRICAL_SURFACE('',#575,0.5);
#575 = AXIS2_PLACEMENT_3D('',#576,#577,#578);
#576 = CARTESIAN_POINT('',(11.303048006096,109.60086360172,0.));
#577 = DIRECTION('',(-0.,-0.,-1.));
#578 = DIRECTION('',(-1.,-1.110223024625E-16,0.));
#579 = ADVANCED_FACE('',(#580),#616,.F.);
#580 = FACE_BOUND('',#581,.T.);
#581 = EDGE_LOOP('',(#582,#592,#601,#609));
#582 = ORIENTED_EDGE('',*,*,#583,.T.);
#583 = EDGE_CURVE('',#584,#586,#588,.T.);
#584 = VERTEX_POINT('',#585);
#585 = CARTESIAN_POINT('',(11.803048006096,112.14086868173,0.));
#586 = VERTEX_POINT('',#587);
#587 = CARTESIAN_POINT('',(11.803048006096,112.14086868173,
    9.004318008636E-02));
#588 = LINE('',#589,#590);
#589 = CARTESIAN_POINT('',(11.803048006096,112.14086868173,0.));
#590 = VECTOR('',#591,1.);
#591 = DIRECTION('',(0.,0.,1.));
#592 = ORIENTED_EDGE('',*,*,#593,.T.);
#593 = EDGE_CURVE('',#586,#594,#596,.T.);
#594 = VERTEX_POINT('',#595);
#595 = CARTESIAN_POINT('',(10.803048006096,112.14086868173,
    9.004318008636E-02));
#596 = CIRCLE('',#597,0.5);
#597 = AXIS2_PLACEMENT_3D('',#598,#599,#600);
#598 = CARTESIAN_POINT('',(11.303048006096,112.14086868173,
    9.004318008636E-02));
#599 = DIRECTION('',(0.,0.,1.));
#600 = DIRECTION('',(1.,1.110223024625E-16,-0.));
#601 = ORIENTED_EDGE('',*,*,#602,.F.);
#602 = EDGE_CURVE('',#603,#594,#605,.T.);
#603 = VERTEX_POINT('',#604);
#604 = CARTESIAN_POINT('',(10.803048006096,112.14086868173,0.));
#605 = LINE('',#606,#607);
#606 = CARTESIAN_POINT('',(10.803048006096,112.14086868173,0.));
#607 = VECTOR('',#608,1.);
#608 = DIRECTION('',(0.,0.,1.));
#609 = ORIENTED_EDGE('',*,*,#610,.F.);
#610 = EDGE_CURVE('',#584,#603,#611,.T.);
#611 = CIRCLE('',#612,0.5);
#612 = AXIS2_PLACEMENT_3D('',#613,#614,#615);
#613 = CARTESIAN_POINT('',(11.303048006096,112.14086868173,0.));
#614 = DIRECTION('',(0.,0.,1.));
#615 = DIRECTION('',(1.,1.110223024625E-16,-0.));
#616 = CYLINDRICAL_SURFACE('',#617,0.5);
#617 = AXIS2_PLACEMENT_3D('',#618,#619,#620);
#618 = CARTESIAN_POINT('',(11.303048006096,112.14086868173,0.));
#619 = DIRECTION('',(-0.,-0.,-1.));
#620 = DIRECTION('',(1.,1.110223024625E-16,-0.));
#621 = ADVANCED_FACE('',(#622),#640,.F.);
#622 = FACE_BOUND('',#623,.T.);
#623 = EDGE_LOOP('',(#624,#625,#632,#633));
#624 = ORIENTED_EDGE('',*,*,#602,.T.);
#625 = ORIENTED_EDGE('',*,*,#626,.T.);
#626 = EDGE_CURVE('',#594,#586,#627,.T.);
#627 = CIRCLE('',#628,0.5);
#628 = AXIS2_PLACEMENT_3D('',#629,#630,#631);
#629 = CARTESIAN_POINT('',(11.303048006096,112.14086868173,
    9.004318008636E-02));
#630 = DIRECTION('',(0.,0.,1.));
#631 = DIRECTION('',(-1.,-1.110223024625E-16,0.));
#632 = ORIENTED_EDGE('',*,*,#583,.F.);
#633 = ORIENTED_EDGE('',*,*,#634,.F.);
#634 = EDGE_CURVE('',#603,#584,#635,.T.);
#635 = CIRCLE('',#636,0.5);
#636 = AXIS2_PLACEMENT_3D('',#637,#638,#639);
#637 = CARTESIAN_POINT('',(11.303048006096,112.14086868173,0.));
#638 = DIRECTION('',(0.,0.,1.));
#639 = DIRECTION('',(-1.,-1.110223024625E-16,0.));
#640 = CYLINDRICAL_SURFACE('',#641,0.5);
#641 = AXIS2_PLACEMENT_3D('',#642,#643,#644);
#642 = CARTESIAN_POINT('',(11.303048006096,112.14086868173,0.));
#643 = DIRECTION('',(-0.,-0.,-1.));
#644 = DIRECTION('',(-1.,-1.110223024625E-16,0.));
#645 = ADVANCED_FACE('',(#646),#682,.F.);
#646 = FACE_BOUND('',#647,.T.);
#647 = EDGE_LOOP('',(#648,#658,#667,#675));
#648 = ORIENTED_EDGE('',*,*,#649,.T.);
#649 = EDGE_CURVE('',#650,#652,#654,.T.);
#650 = VERTEX_POINT('',#651);
#651 = CARTESIAN_POINT('',(11.803048006096,114.68087376174,0.));
#652 = VERTEX_POINT('',#653);
#653 = CARTESIAN_POINT('',(11.803048006096,114.68087376174,
    9.004318008636E-02));
#654 = LINE('',#655,#656);
#655 = CARTESIAN_POINT('',(11.803048006096,114.68087376174,0.));
#656 = VECTOR('',#657,1.);
#657 = DIRECTION('',(0.,0.,1.));
#658 = ORIENTED_EDGE('',*,*,#659,.T.);
#659 = EDGE_CURVE('',#652,#660,#662,.T.);
#660 = VERTEX_POINT('',#661);
#661 = CARTESIAN_POINT('',(10.803048006096,114.68087376174,
    9.004318008636E-02));
#662 = CIRCLE('',#663,0.5);
#663 = AXIS2_PLACEMENT_3D('',#664,#665,#666);
#664 = CARTESIAN_POINT('',(11.303048006096,114.68087376174,
    9.004318008636E-02));
#665 = DIRECTION('',(0.,0.,1.));
#666 = DIRECTION('',(1.,1.110223024625E-16,-0.));
#667 = ORIENTED_EDGE('',*,*,#668,.F.);
#668 = EDGE_CURVE('',#669,#660,#671,.T.);
#669 = VERTEX_POINT('',#670);
#670 = CARTESIAN_POINT('',(10.803048006096,114.68087376174,0.));
#671 = LINE('',#672,#673);
#672 = CARTESIAN_POINT('',(10.803048006096,114.68087376174,0.));
#673 = VECTOR('',#674,1.);
#674 = DIRECTION('',(0.,0.,1.));
#675 = ORIENTED_EDGE('',*,*,#676,.F.);
#676 = EDGE_CURVE('',#650,#669,#677,.T.);
#677 = CIRCLE('',#678,0.5);
#678 = AXIS2_PLACEMENT_3D('',#679,#680,#681);
#679 = CARTESIAN_POINT('',(11.303048006096,114.68087376174,0.));
#680 = DIRECTION('',(0.,0.,1.));
#681 = DIRECTION('',(1.,1.110223024625E-16,-0.));
#682 = CYLINDRICAL_SURFACE('',#683,0.5);
#683 = AXIS2_PLACEMENT_3D('',#684,#685,#686);
#684 = CARTESIAN_POINT('',(11.303048006096,114.68087376174,0.));
#685 = DIRECTION('',(-0.,-0.,-1.));
#686 = DIRECTION('',(1.,1.110223024625E-16,-0.));
#687 = ADVANCED_FACE('',(#688),#706,.F.);
#688 = FACE_BOUND('',#689,.T.);
#689 = EDGE_LOOP('',(#690,#691,#698,#699));
#690 = ORIENTED_EDGE('',*,*,#668,.T.);
#691 = ORIENTED_EDGE('',*,*,#692,.T.);
#692 = EDGE_CURVE('',#660,#652,#693,.T.);
#693 = CIRCLE('',#694,0.5);
#694 = AXIS2_PLACEMENT_3D('',#695,#696,#697);
#695 = CARTESIAN_POINT('',(11.303048006096,114.68087376174,
    9.004318008636E-02));
#696 = DIRECTION('',(0.,0.,1.));
#697 = DIRECTION('',(-1.,-1.110223024625E-16,0.));
#698 = ORIENTED_EDGE('',*,*,#649,.F.);
#699 = ORIENTED_EDGE('',*,*,#700,.F.);
#700 = EDGE_CURVE('',#669,#650,#701,.T.);
#701 = CIRCLE('',#702,0.5);
#702 = AXIS2_PLACEMENT_3D('',#703,#704,#705);
#703 = CARTESIAN_POINT('',(11.303048006096,114.68087376174,0.));
#704 = DIRECTION('',(0.,0.,1.));
#705 = DIRECTION('',(-1.,-1.110223024625E-16,0.));
#706 = CYLINDRICAL_SURFACE('',#707,0.5);
#707 = AXIS2_PLACEMENT_3D('',#708,#709,#710);
#708 = CARTESIAN_POINT('',(11.303048006096,114.68087376174,0.));
#709 = DIRECTION('',(-0.,-0.,-1.));
#710 = DIRECTION('',(-1.,-1.110223024625E-16,0.));
#711 = ADVANCED_FACE('',(#712),#748,.F.);
#712 = FACE_BOUND('',#713,.T.);
#713 = EDGE_LOOP('',(#714,#724,#733,#741));
#714 = ORIENTED_EDGE('',*,*,#715,.T.);
#715 = EDGE_CURVE('',#716,#718,#720,.T.);
#716 = VERTEX_POINT('',#717);
#717 = CARTESIAN_POINT('',(11.803352806706,95.123088646177,0.));
#718 = VERTEX_POINT('',#719);
#719 = CARTESIAN_POINT('',(11.803352806706,95.123088646177,
    9.004318008636E-02));
#720 = LINE('',#721,#722);
#721 = CARTESIAN_POINT('',(11.803352806706,95.123088646177,0.));
#722 = VECTOR('',#723,1.);
#723 = DIRECTION('',(0.,0.,1.));
#724 = ORIENTED_EDGE('',*,*,#725,.T.);
#725 = EDGE_CURVE('',#718,#726,#728,.T.);
#726 = VERTEX_POINT('',#727);
#727 = CARTESIAN_POINT('',(10.803352806706,95.123088646177,
    9.004318008636E-02));
#728 = CIRCLE('',#729,0.5);
#729 = AXIS2_PLACEMENT_3D('',#730,#731,#732);
#730 = CARTESIAN_POINT('',(11.303352806706,95.123088646177,
    9.004318008636E-02));
#731 = DIRECTION('',(0.,0.,1.));
#732 = DIRECTION('',(1.,1.110223024625E-16,-0.));
#733 = ORIENTED_EDGE('',*,*,#734,.F.);
#734 = EDGE_CURVE('',#735,#726,#737,.T.);
#735 = VERTEX_POINT('',#736);
#736 = CARTESIAN_POINT('',(10.803352806706,95.123088646177,0.));
#737 = LINE('',#738,#739);
#738 = CARTESIAN_POINT('',(10.803352806706,95.123088646177,0.));
#739 = VECTOR('',#740,1.);
#740 = DIRECTION('',(0.,0.,1.));
#741 = ORIENTED_EDGE('',*,*,#742,.F.);
#742 = EDGE_CURVE('',#716,#735,#743,.T.);
#743 = CIRCLE('',#744,0.5);
#744 = AXIS2_PLACEMENT_3D('',#745,#746,#747);
#745 = CARTESIAN_POINT('',(11.303352806706,95.123088646177,0.));
#746 = DIRECTION('',(0.,0.,1.));
#747 = DIRECTION('',(1.,1.110223024625E-16,-0.));
#748 = CYLINDRICAL_SURFACE('',#749,0.5);
#749 = AXIS2_PLACEMENT_3D('',#750,#751,#752);
#750 = CARTESIAN_POINT('',(11.303352806706,95.123088646177,0.));
#751 = DIRECTION('',(-0.,-0.,-1.));
#752 = DIRECTION('',(1.,1.110223024625E-16,-0.));
#753 = ADVANCED_FACE('',(#754),#772,.F.);
#754 = FACE_BOUND('',#755,.T.);
#755 = EDGE_LOOP('',(#756,#757,#764,#765));
#756 = ORIENTED_EDGE('',*,*,#734,.T.);
#757 = ORIENTED_EDGE('',*,*,#758,.T.);
#758 = EDGE_CURVE('',#726,#718,#759,.T.);
#759 = CIRCLE('',#760,0.5);
#760 = AXIS2_PLACEMENT_3D('',#761,#762,#763);
#761 = CARTESIAN_POINT('',(11.303352806706,95.123088646177,
    9.004318008636E-02));
#762 = DIRECTION('',(0.,0.,1.));
#763 = DIRECTION('',(-1.,-1.110223024625E-16,0.));
#764 = ORIENTED_EDGE('',*,*,#715,.F.);
#765 = ORIENTED_EDGE('',*,*,#766,.F.);
#766 = EDGE_CURVE('',#735,#716,#767,.T.);
#767 = CIRCLE('',#768,0.5);
#768 = AXIS2_PLACEMENT_3D('',#769,#770,#771);
#769 = CARTESIAN_POINT('',(11.303352806706,95.123088646177,0.));
#770 = DIRECTION('',(0.,0.,1.));
#771 = DIRECTION('',(-1.,-1.110223024625E-16,0.));
#772 = CYLINDRICAL_SURFACE('',#773,0.5);
#773 = AXIS2_PLACEMENT_3D('',#774,#775,#776);
#774 = CARTESIAN_POINT('',(11.303352806706,95.123088646177,0.));
#775 = DIRECTION('',(-0.,-0.,-1.));
#776 = DIRECTION('',(-1.,-1.110223024625E-16,0.));
#777 = ADVANCED_FACE('',(#778),#814,.F.);
#778 = FACE_BOUND('',#779,.T.);
#779 = EDGE_LOOP('',(#780,#790,#799,#807));
#780 = ORIENTED_EDGE('',*,*,#781,.T.);
#781 = EDGE_CURVE('',#782,#784,#786,.T.);
#782 = VERTEX_POINT('',#783);
#783 = CARTESIAN_POINT('',(11.803352806706,97.663093726187,0.));
#784 = VERTEX_POINT('',#785);
#785 = CARTESIAN_POINT('',(11.803352806706,97.663093726187,
    9.004318008636E-02));
#786 = LINE('',#787,#788);
#787 = CARTESIAN_POINT('',(11.803352806706,97.663093726187,0.));
#788 = VECTOR('',#789,1.);
#789 = DIRECTION('',(0.,0.,1.));
#790 = ORIENTED_EDGE('',*,*,#791,.T.);
#791 = EDGE_CURVE('',#784,#792,#794,.T.);
#792 = VERTEX_POINT('',#793);
#793 = CARTESIAN_POINT('',(10.803352806706,97.663093726187,
    9.004318008636E-02));
#794 = CIRCLE('',#795,0.5);
#795 = AXIS2_PLACEMENT_3D('',#796,#797,#798);
#796 = CARTESIAN_POINT('',(11.303352806706,97.663093726187,
    9.004318008636E-02));
#797 = DIRECTION('',(0.,0.,1.));
#798 = DIRECTION('',(1.,1.110223024625E-16,-0.));
#799 = ORIENTED_EDGE('',*,*,#800,.F.);
#800 = EDGE_CURVE('',#801,#792,#803,.T.);
#801 = VERTEX_POINT('',#802);
#802 = CARTESIAN_POINT('',(10.803352806706,97.663093726187,0.));
#803 = LINE('',#804,#805);
#804 = CARTESIAN_POINT('',(10.803352806706,97.663093726187,0.));
#805 = VECTOR('',#806,1.);
#806 = DIRECTION('',(0.,0.,1.));
#807 = ORIENTED_EDGE('',*,*,#808,.F.);
#808 = EDGE_CURVE('',#782,#801,#809,.T.);
#809 = CIRCLE('',#810,0.5);
#810 = AXIS2_PLACEMENT_3D('',#811,#812,#813);
#811 = CARTESIAN_POINT('',(11.303352806706,97.663093726187,0.));
#812 = DIRECTION('',(0.,0.,1.));
#813 = DIRECTION('',(1.,1.110223024625E-16,-0.));
#814 = CYLINDRICAL_SURFACE('',#815,0.5);
#815 = AXIS2_PLACEMENT_3D('',#816,#817,#818);
#816 = CARTESIAN_POINT('',(11.303352806706,97.663093726187,0.));
#817 = DIRECTION('',(-0.,-0.,-1.));
#818 = DIRECTION('',(1.,1.110223024625E-16,-0.));
#819 = ADVANCED_FACE('',(#820),#838,.F.);
#820 = FACE_BOUND('',#821,.T.);
#821 = EDGE_LOOP('',(#822,#823,#830,#831));
#822 = ORIENTED_EDGE('',*,*,#800,.T.);
#823 = ORIENTED_EDGE('',*,*,#824,.T.);
#824 = EDGE_CURVE('',#792,#784,#825,.T.);
#825 = CIRCLE('',#826,0.5);
#826 = AXIS2_PLACEMENT_3D('',#827,#828,#829);
#827 = CARTESIAN_POINT('',(11.303352806706,97.663093726187,
    9.004318008636E-02));
#828 = DIRECTION('',(0.,0.,1.));
#829 = DIRECTION('',(-1.,-1.110223024625E-16,0.));
#830 = ORIENTED_EDGE('',*,*,#781,.F.);
#831 = ORIENTED_EDGE('',*,*,#832,.F.);
#832 = EDGE_CURVE('',#801,#782,#833,.T.);
#833 = CIRCLE('',#834,0.5);
#834 = AXIS2_PLACEMENT_3D('',#835,#836,#837);
#835 = CARTESIAN_POINT('',(11.303352806706,97.663093726187,0.));
#836 = DIRECTION('',(0.,0.,1.));
#837 = DIRECTION('',(-1.,-1.110223024625E-16,0.));
#838 = CYLINDRICAL_SURFACE('',#839,0.5);
#839 = AXIS2_PLACEMENT_3D('',#840,#841,#842);
#840 = CARTESIAN_POINT('',(11.303352806706,97.663093726187,0.));
#841 = DIRECTION('',(-0.,-0.,-1.));
#842 = DIRECTION('',(-1.,-1.110223024625E-16,0.));
#843 = ADVANCED_FACE('',(#844),#880,.F.);
#844 = FACE_BOUND('',#845,.T.);
#845 = EDGE_LOOP('',(#846,#856,#865,#873));
#846 = ORIENTED_EDGE('',*,*,#847,.T.);
#847 = EDGE_CURVE('',#848,#850,#852,.T.);
#848 = VERTEX_POINT('',#849);
#849 = CARTESIAN_POINT('',(11.803378206756,80.391059182118,0.));
#850 = VERTEX_POINT('',#851);
#851 = CARTESIAN_POINT('',(11.803378206756,80.391059182118,
    9.004318008636E-02));
#852 = LINE('',#853,#854);
#853 = CARTESIAN_POINT('',(11.803378206756,80.391059182118,0.));
#854 = VECTOR('',#855,1.);
#855 = DIRECTION('',(0.,0.,1.));
#856 = ORIENTED_EDGE('',*,*,#857,.T.);
#857 = EDGE_CURVE('',#850,#858,#860,.T.);
#858 = VERTEX_POINT('',#859);
#859 = CARTESIAN_POINT('',(10.803378206756,80.391059182118,
    9.004318008636E-02));
#860 = CIRCLE('',#861,0.5);
#861 = AXIS2_PLACEMENT_3D('',#862,#863,#864);
#862 = CARTESIAN_POINT('',(11.303378206756,80.391059182118,
    9.004318008636E-02));
#863 = DIRECTION('',(0.,0.,1.));
#864 = DIRECTION('',(1.,1.110223024625E-16,-0.));
#865 = ORIENTED_EDGE('',*,*,#866,.F.);
#866 = EDGE_CURVE('',#867,#858,#869,.T.);
#867 = VERTEX_POINT('',#868);
#868 = CARTESIAN_POINT('',(10.803378206756,80.391059182118,0.));
#869 = LINE('',#870,#871);
#870 = CARTESIAN_POINT('',(10.803378206756,80.391059182118,0.));
#871 = VECTOR('',#872,1.);
#872 = DIRECTION('',(0.,0.,1.));
#873 = ORIENTED_EDGE('',*,*,#874,.F.);
#874 = EDGE_CURVE('',#848,#867,#875,.T.);
#875 = CIRCLE('',#876,0.5);
#876 = AXIS2_PLACEMENT_3D('',#877,#878,#879);
#877 = CARTESIAN_POINT('',(11.303378206756,80.391059182118,0.));
#878 = DIRECTION('',(0.,0.,1.));
#879 = DIRECTION('',(1.,1.110223024625E-16,-0.));
#880 = CYLINDRICAL_SURFACE('',#881,0.5);
#881 = AXIS2_PLACEMENT_3D('',#882,#883,#884);
#882 = CARTESIAN_POINT('',(11.303378206756,80.391059182118,0.));
#883 = DIRECTION('',(-0.,-0.,-1.));
#884 = DIRECTION('',(1.,1.110223024625E-16,-0.));
#885 = ADVANCED_FACE('',(#886),#904,.F.);
#886 = FACE_BOUND('',#887,.T.);
#887 = EDGE_LOOP('',(#888,#889,#896,#897));
#888 = ORIENTED_EDGE('',*,*,#866,.T.);
#889 = ORIENTED_EDGE('',*,*,#890,.T.);
#890 = EDGE_CURVE('',#858,#850,#891,.T.);
#891 = CIRCLE('',#892,0.5);
#892 = AXIS2_PLACEMENT_3D('',#893,#894,#895);
#893 = CARTESIAN_POINT('',(11.303378206756,80.391059182118,
    9.004318008636E-02));
#894 = DIRECTION('',(0.,0.,1.));
#895 = DIRECTION('',(-1.,-1.110223024625E-16,0.));
#896 = ORIENTED_EDGE('',*,*,#847,.F.);
#897 = ORIENTED_EDGE('',*,*,#898,.F.);
#898 = EDGE_CURVE('',#867,#848,#899,.T.);
#899 = CIRCLE('',#900,0.5);
#900 = AXIS2_PLACEMENT_3D('',#901,#902,#903);
#901 = CARTESIAN_POINT('',(11.303378206756,80.391059182118,0.));
#902 = DIRECTION('',(0.,0.,1.));
#903 = DIRECTION('',(-1.,-1.110223024625E-16,0.));
#904 = CYLINDRICAL_SURFACE('',#905,0.5);
#905 = AXIS2_PLACEMENT_3D('',#906,#907,#908);
#906 = CARTESIAN_POINT('',(11.303378206756,80.391059182118,0.));
#907 = DIRECTION('',(-0.,-0.,-1.));
#908 = DIRECTION('',(-1.,-1.110223024625E-16,0.));
#909 = ADVANCED_FACE('',(#910),#946,.F.);
#910 = FACE_BOUND('',#911,.T.);
#911 = EDGE_LOOP('',(#912,#922,#931,#939));
#912 = ORIENTED_EDGE('',*,*,#913,.T.);
#913 = EDGE_CURVE('',#914,#916,#918,.T.);
#914 = VERTEX_POINT('',#915);
#915 = CARTESIAN_POINT('',(11.803378206756,77.851054102108,0.));
#916 = VERTEX_POINT('',#917);
#917 = CARTESIAN_POINT('',(11.803378206756,77.851054102108,
    9.004318008636E-02));
#918 = LINE('',#919,#920);
#919 = CARTESIAN_POINT('',(11.803378206756,77.851054102108,0.));
#920 = VECTOR('',#921,1.);
#921 = DIRECTION('',(0.,0.,1.));
#922 = ORIENTED_EDGE('',*,*,#923,.T.);
#923 = EDGE_CURVE('',#916,#924,#926,.T.);
#924 = VERTEX_POINT('',#925);
#925 = CARTESIAN_POINT('',(10.803378206756,77.851054102108,
    9.004318008636E-02));
#926 = CIRCLE('',#927,0.5);
#927 = AXIS2_PLACEMENT_3D('',#928,#929,#930);
#928 = CARTESIAN_POINT('',(11.303378206756,77.851054102108,
    9.004318008636E-02));
#929 = DIRECTION('',(0.,0.,1.));
#930 = DIRECTION('',(1.,1.110223024625E-16,-0.));
#931 = ORIENTED_EDGE('',*,*,#932,.F.);
#932 = EDGE_CURVE('',#933,#924,#935,.T.);
#933 = VERTEX_POINT('',#934);
#934 = CARTESIAN_POINT('',(10.803378206756,77.851054102108,0.));
#935 = LINE('',#936,#937);
#936 = CARTESIAN_POINT('',(10.803378206756,77.851054102108,0.));
#937 = VECTOR('',#938,1.);
#938 = DIRECTION('',(0.,0.,1.));
#939 = ORIENTED_EDGE('',*,*,#940,.F.);
#940 = EDGE_CURVE('',#914,#933,#941,.T.);
#941 = CIRCLE('',#942,0.5);
#942 = AXIS2_PLACEMENT_3D('',#943,#944,#945);
#943 = CARTESIAN_POINT('',(11.303378206756,77.851054102108,0.));
#944 = DIRECTION('',(0.,0.,1.));
#945 = DIRECTION('',(1.,1.110223024625E-16,-0.));
#946 = CYLINDRICAL_SURFACE('',#947,0.5);
#947 = AXIS2_PLACEMENT_3D('',#948,#949,#950);
#948 = CARTESIAN_POINT('',(11.303378206756,77.851054102108,0.));
#949 = DIRECTION('',(-0.,-0.,-1.));
#950 = DIRECTION('',(1.,1.110223024625E-16,-0.));
#951 = ADVANCED_FACE('',(#952),#970,.F.);
#952 = FACE_BOUND('',#953,.T.);
#953 = EDGE_LOOP('',(#954,#955,#962,#963));
#954 = ORIENTED_EDGE('',*,*,#932,.T.);
#955 = ORIENTED_EDGE('',*,*,#956,.T.);
#956 = EDGE_CURVE('',#924,#916,#957,.T.);
#957 = CIRCLE('',#958,0.5);
#958 = AXIS2_PLACEMENT_3D('',#959,#960,#961);
#959 = CARTESIAN_POINT('',(11.303378206756,77.851054102108,
    9.004318008636E-02));
#960 = DIRECTION('',(0.,0.,1.));
#961 = DIRECTION('',(-1.,-1.110223024625E-16,0.));
#962 = ORIENTED_EDGE('',*,*,#913,.F.);
#963 = ORIENTED_EDGE('',*,*,#964,.F.);
#964 = EDGE_CURVE('',#933,#914,#965,.T.);
#965 = CIRCLE('',#966,0.5);
#966 = AXIS2_PLACEMENT_3D('',#967,#968,#969);
#967 = CARTESIAN_POINT('',(11.303378206756,77.851054102108,0.));
#968 = DIRECTION('',(0.,0.,1.));
#969 = DIRECTION('',(-1.,-1.110223024625E-16,0.));
#970 = CYLINDRICAL_SURFACE('',#971,0.5);
#971 = AXIS2_PLACEMENT_3D('',#972,#973,#974);
#972 = CARTESIAN_POINT('',(11.303378206756,77.851054102108,0.));
#973 = DIRECTION('',(-0.,-0.,-1.));
#974 = DIRECTION('',(-1.,-1.110223024625E-16,0.));
#975 = ADVANCED_FACE('',(#976),#1012,.F.);
#976 = FACE_BOUND('',#977,.T.);
#977 = EDGE_LOOP('',(#978,#988,#997,#1005));
#978 = ORIENTED_EDGE('',*,*,#979,.T.);
#979 = EDGE_CURVE('',#980,#982,#984,.T.);
#980 = VERTEX_POINT('',#981);
#981 = CARTESIAN_POINT('',(11.929794259589,125.85687071374,0.));
#982 = VERTEX_POINT('',#983);
#983 = CARTESIAN_POINT('',(11.929794259589,125.85687071374,
    9.004318008636E-02));
#984 = LINE('',#985,#986);
#985 = CARTESIAN_POINT('',(11.929794259589,125.85687071374,0.));
#986 = VECTOR('',#987,1.);
#987 = DIRECTION('',(0.,0.,1.));
#988 = ORIENTED_EDGE('',*,*,#989,.T.);
#989 = EDGE_CURVE('',#982,#990,#992,.T.);
#990 = VERTEX_POINT('',#991);
#991 = CARTESIAN_POINT('',(10.929794259589,125.85687071374,
    9.004318008636E-02));
#992 = CIRCLE('',#993,0.5);
#993 = AXIS2_PLACEMENT_3D('',#994,#995,#996);
#994 = CARTESIAN_POINT('',(11.429794259589,125.85687071374,
    9.004318008636E-02));
#995 = DIRECTION('',(0.,0.,1.));
#996 = DIRECTION('',(1.,1.110223024625E-16,-0.));
#997 = ORIENTED_EDGE('',*,*,#998,.F.);
#998 = EDGE_CURVE('',#999,#990,#1001,.T.);
#999 = VERTEX_POINT('',#1000);
#1000 = CARTESIAN_POINT('',(10.929794259589,125.85687071374,0.));
#1001 = LINE('',#1002,#1003);
#1002 = CARTESIAN_POINT('',(10.929794259589,125.85687071374,0.));
#1003 = VECTOR('',#1004,1.);
#1004 = DIRECTION('',(0.,0.,1.));
#1005 = ORIENTED_EDGE('',*,*,#1006,.F.);
#1006 = EDGE_CURVE('',#980,#999,#1007,.T.);
#1007 = CIRCLE('',#1008,0.5);
#1008 = AXIS2_PLACEMENT_3D('',#1009,#1010,#1011);
#1009 = CARTESIAN_POINT('',(11.429794259589,125.85687071374,0.));
#1010 = DIRECTION('',(0.,0.,1.));
#1011 = DIRECTION('',(1.,1.110223024625E-16,-0.));
#1012 = CYLINDRICAL_SURFACE('',#1013,0.5);
#1013 = AXIS2_PLACEMENT_3D('',#1014,#1015,#1016);
#1014 = CARTESIAN_POINT('',(11.429794259589,125.85687071374,0.));
#1015 = DIRECTION('',(-0.,-0.,-1.));
#1016 = DIRECTION('',(1.,1.110223024625E-16,-0.));
#1017 = ADVANCED_FACE('',(#1018),#1036,.F.);
#1018 = FACE_BOUND('',#1019,.T.);
#1019 = EDGE_LOOP('',(#1020,#1021,#1028,#1029));
#1020 = ORIENTED_EDGE('',*,*,#998,.T.);
#1021 = ORIENTED_EDGE('',*,*,#1022,.T.);
#1022 = EDGE_CURVE('',#990,#982,#1023,.T.);
#1023 = CIRCLE('',#1024,0.5);
#1024 = AXIS2_PLACEMENT_3D('',#1025,#1026,#1027);
#1025 = CARTESIAN_POINT('',(11.429794259589,125.85687071374,
    9.004318008636E-02));
#1026 = DIRECTION('',(0.,0.,1.));
#1027 = DIRECTION('',(-1.,-1.110223024625E-16,0.));
#1028 = ORIENTED_EDGE('',*,*,#979,.F.);
#1029 = ORIENTED_EDGE('',*,*,#1030,.F.);
#1030 = EDGE_CURVE('',#999,#980,#1031,.T.);
#1031 = CIRCLE('',#1032,0.5);
#1032 = AXIS2_PLACEMENT_3D('',#1033,#1034,#1035);
#1033 = CARTESIAN_POINT('',(11.429794259589,125.85687071374,0.));
#1034 = DIRECTION('',(0.,0.,1.));
#1035 = DIRECTION('',(-1.,-1.110223024625E-16,0.));
#1036 = CYLINDRICAL_SURFACE('',#1037,0.5);
#1037 = AXIS2_PLACEMENT_3D('',#1038,#1039,#1040);
#1038 = CARTESIAN_POINT('',(11.429794259589,125.85687071374,0.));
#1039 = DIRECTION('',(-0.,-0.,-1.));
#1040 = DIRECTION('',(-1.,-1.110223024625E-16,0.));
#1041 = ADVANCED_FACE('',(#1042),#1078,.F.);
#1042 = FACE_BOUND('',#1043,.T.);
#1043 = EDGE_LOOP('',(#1044,#1054,#1063,#1071));
#1044 = ORIENTED_EDGE('',*,*,#1045,.T.);
#1045 = EDGE_CURVE('',#1046,#1048,#1050,.T.);
#1046 = VERTEX_POINT('',#1047);
#1047 = CARTESIAN_POINT('',(11.930048260097,133.47688595377,0.));
#1048 = VERTEX_POINT('',#1049);
#1049 = CARTESIAN_POINT('',(11.930048260097,133.47688595377,
    9.004318008636E-02));
#1050 = LINE('',#1051,#1052);
#1051 = CARTESIAN_POINT('',(11.930048260097,133.47688595377,0.));
#1052 = VECTOR('',#1053,1.);
#1053 = DIRECTION('',(0.,0.,1.));
#1054 = ORIENTED_EDGE('',*,*,#1055,.T.);
#1055 = EDGE_CURVE('',#1048,#1056,#1058,.T.);
#1056 = VERTEX_POINT('',#1057);
#1057 = CARTESIAN_POINT('',(10.930048260097,133.47688595377,
    9.004318008636E-02));
#1058 = CIRCLE('',#1059,0.5);
#1059 = AXIS2_PLACEMENT_3D('',#1060,#1061,#1062);
#1060 = CARTESIAN_POINT('',(11.430048260097,133.47688595377,
    9.004318008636E-02));
#1061 = DIRECTION('',(0.,0.,1.));
#1062 = DIRECTION('',(1.,1.110223024625E-16,-0.));
#1063 = ORIENTED_EDGE('',*,*,#1064,.F.);
#1064 = EDGE_CURVE('',#1065,#1056,#1067,.T.);
#1065 = VERTEX_POINT('',#1066);
#1066 = CARTESIAN_POINT('',(10.930048260097,133.47688595377,0.));
#1067 = LINE('',#1068,#1069);
#1068 = CARTESIAN_POINT('',(10.930048260097,133.47688595377,0.));
#1069 = VECTOR('',#1070,1.);
#1070 = DIRECTION('',(0.,0.,1.));
#1071 = ORIENTED_EDGE('',*,*,#1072,.F.);
#1072 = EDGE_CURVE('',#1046,#1065,#1073,.T.);
#1073 = CIRCLE('',#1074,0.5);
#1074 = AXIS2_PLACEMENT_3D('',#1075,#1076,#1077);
#1075 = CARTESIAN_POINT('',(11.430048260097,133.47688595377,0.));
#1076 = DIRECTION('',(0.,0.,1.));
#1077 = DIRECTION('',(1.,1.110223024625E-16,-0.));
#1078 = CYLINDRICAL_SURFACE('',#1079,0.5);
#1079 = AXIS2_PLACEMENT_3D('',#1080,#1081,#1082);
#1080 = CARTESIAN_POINT('',(11.430048260097,133.47688595377,0.));
#1081 = DIRECTION('',(-0.,-0.,-1.));
#1082 = DIRECTION('',(1.,1.110223024625E-16,-0.));
#1083 = ADVANCED_FACE('',(#1084),#1102,.F.);
#1084 = FACE_BOUND('',#1085,.T.);
#1085 = EDGE_LOOP('',(#1086,#1087,#1094,#1095));
#1086 = ORIENTED_EDGE('',*,*,#1064,.T.);
#1087 = ORIENTED_EDGE('',*,*,#1088,.T.);
#1088 = EDGE_CURVE('',#1056,#1048,#1089,.T.);
#1089 = CIRCLE('',#1090,0.5);
#1090 = AXIS2_PLACEMENT_3D('',#1091,#1092,#1093);
#1091 = CARTESIAN_POINT('',(11.430048260097,133.47688595377,
    9.004318008636E-02));
#1092 = DIRECTION('',(0.,0.,1.));
#1093 = DIRECTION('',(-1.,-1.110223024625E-16,0.));
#1094 = ORIENTED_EDGE('',*,*,#1045,.F.);
#1095 = ORIENTED_EDGE('',*,*,#1096,.F.);
#1096 = EDGE_CURVE('',#1065,#1046,#1097,.T.);
#1097 = CIRCLE('',#1098,0.5);
#1098 = AXIS2_PLACEMENT_3D('',#1099,#1100,#1101);
#1099 = CARTESIAN_POINT('',(11.430048260097,133.47688595377,0.));
#1100 = DIRECTION('',(0.,0.,1.));
#1101 = DIRECTION('',(-1.,-1.110223024625E-16,0.));
#1102 = CYLINDRICAL_SURFACE('',#1103,0.5);
#1103 = AXIS2_PLACEMENT_3D('',#1104,#1105,#1106);
#1104 = CARTESIAN_POINT('',(11.430048260097,133.47688595377,0.));
#1105 = DIRECTION('',(-0.,-0.,-1.));
#1106 = DIRECTION('',(-1.,-1.110223024625E-16,0.));
#1107 = ADVANCED_FACE('',(#1108),#1144,.F.);
#1108 = FACE_BOUND('',#1109,.T.);
#1109 = EDGE_LOOP('',(#1110,#1120,#1129,#1137));
#1110 = ORIENTED_EDGE('',*,*,#1111,.T.);
#1111 = EDGE_CURVE('',#1112,#1114,#1116,.T.);
#1112 = VERTEX_POINT('',#1113);
#1113 = CARTESIAN_POINT('',(11.930048260097,128.39687579375,0.));
#1114 = VERTEX_POINT('',#1115);
#1115 = CARTESIAN_POINT('',(11.930048260097,128.39687579375,
    9.004318008636E-02));
#1116 = LINE('',#1117,#1118);
#1117 = CARTESIAN_POINT('',(11.930048260097,128.39687579375,0.));
#1118 = VECTOR('',#1119,1.);
#1119 = DIRECTION('',(0.,0.,1.));
#1120 = ORIENTED_EDGE('',*,*,#1121,.T.);
#1121 = EDGE_CURVE('',#1114,#1122,#1124,.T.);
#1122 = VERTEX_POINT('',#1123);
#1123 = CARTESIAN_POINT('',(10.930048260097,128.39687579375,
    9.004318008636E-02));
#1124 = CIRCLE('',#1125,0.5);
#1125 = AXIS2_PLACEMENT_3D('',#1126,#1127,#1128);
#1126 = CARTESIAN_POINT('',(11.430048260097,128.39687579375,
    9.004318008636E-02));
#1127 = DIRECTION('',(0.,0.,1.));
#1128 = DIRECTION('',(1.,1.110223024625E-16,-0.));
#1129 = ORIENTED_EDGE('',*,*,#1130,.F.);
#1130 = EDGE_CURVE('',#1131,#1122,#1133,.T.);
#1131 = VERTEX_POINT('',#1132);
#1132 = CARTESIAN_POINT('',(10.930048260097,128.39687579375,0.));
#1133 = LINE('',#1134,#1135);
#1134 = CARTESIAN_POINT('',(10.930048260097,128.39687579375,0.));
#1135 = VECTOR('',#1136,1.);
#1136 = DIRECTION('',(0.,0.,1.));
#1137 = ORIENTED_EDGE('',*,*,#1138,.F.);
#1138 = EDGE_CURVE('',#1112,#1131,#1139,.T.);
#1139 = CIRCLE('',#1140,0.5);
#1140 = AXIS2_PLACEMENT_3D('',#1141,#1142,#1143);
#1141 = CARTESIAN_POINT('',(11.430048260097,128.39687579375,0.));
#1142 = DIRECTION('',(0.,0.,1.));
#1143 = DIRECTION('',(1.,1.110223024625E-16,-0.));
#1144 = CYLINDRICAL_SURFACE('',#1145,0.5);
#1145 = AXIS2_PLACEMENT_3D('',#1146,#1147,#1148);
#1146 = CARTESIAN_POINT('',(11.430048260097,128.39687579375,0.));
#1147 = DIRECTION('',(-0.,-0.,-1.));
#1148 = DIRECTION('',(1.,1.110223024625E-16,-0.));
#1149 = ADVANCED_FACE('',(#1150),#1168,.F.);
#1150 = FACE_BOUND('',#1151,.T.);
#1151 = EDGE_LOOP('',(#1152,#1153,#1160,#1161));
#1152 = ORIENTED_EDGE('',*,*,#1130,.T.);
#1153 = ORIENTED_EDGE('',*,*,#1154,.T.);
#1154 = EDGE_CURVE('',#1122,#1114,#1155,.T.);
#1155 = CIRCLE('',#1156,0.5);
#1156 = AXIS2_PLACEMENT_3D('',#1157,#1158,#1159);
#1157 = CARTESIAN_POINT('',(11.430048260097,128.39687579375,
    9.004318008636E-02));
#1158 = DIRECTION('',(0.,0.,1.));
#1159 = DIRECTION('',(-1.,-1.110223024625E-16,0.));
#1160 = ORIENTED_EDGE('',*,*,#1111,.F.);
#1161 = ORIENTED_EDGE('',*,*,#1162,.F.);
#1162 = EDGE_CURVE('',#1131,#1112,#1163,.T.);
#1163 = CIRCLE('',#1164,0.5);
#1164 = AXIS2_PLACEMENT_3D('',#1165,#1166,#1167);
#1165 = CARTESIAN_POINT('',(11.430048260097,128.39687579375,0.));
#1166 = DIRECTION('',(0.,0.,1.));
#1167 = DIRECTION('',(-1.,-1.110223024625E-16,0.));
#1168 = CYLINDRICAL_SURFACE('',#1169,0.5);
#1169 = AXIS2_PLACEMENT_3D('',#1170,#1171,#1172);
#1170 = CARTESIAN_POINT('',(11.430048260097,128.39687579375,0.));
#1171 = DIRECTION('',(-0.,-0.,-1.));
#1172 = DIRECTION('',(-1.,-1.110223024625E-16,0.));
#1173 = ADVANCED_FACE('',(#1174),#1210,.F.);
#1174 = FACE_BOUND('',#1175,.T.);
#1175 = EDGE_LOOP('',(#1176,#1186,#1195,#1203));
#1176 = ORIENTED_EDGE('',*,*,#1177,.T.);
#1177 = EDGE_CURVE('',#1178,#1180,#1182,.T.);
#1178 = VERTEX_POINT('',#1179);
#1179 = CARTESIAN_POINT('',(11.930048260097,130.93688087376,0.));
#1180 = VERTEX_POINT('',#1181);
#1181 = CARTESIAN_POINT('',(11.930048260097,130.93688087376,
    9.004318008636E-02));
#1182 = LINE('',#1183,#1184);
#1183 = CARTESIAN_POINT('',(11.930048260097,130.93688087376,0.));
#1184 = VECTOR('',#1185,1.);
#1185 = DIRECTION('',(0.,0.,1.));
#1186 = ORIENTED_EDGE('',*,*,#1187,.T.);
#1187 = EDGE_CURVE('',#1180,#1188,#1190,.T.);
#1188 = VERTEX_POINT('',#1189);
#1189 = CARTESIAN_POINT('',(10.930048260097,130.93688087376,
    9.004318008636E-02));
#1190 = CIRCLE('',#1191,0.5);
#1191 = AXIS2_PLACEMENT_3D('',#1192,#1193,#1194);
#1192 = CARTESIAN_POINT('',(11.430048260097,130.93688087376,
    9.004318008636E-02));
#1193 = DIRECTION('',(0.,0.,1.));
#1194 = DIRECTION('',(1.,1.110223024625E-16,-0.));
#1195 = ORIENTED_EDGE('',*,*,#1196,.F.);
#1196 = EDGE_CURVE('',#1197,#1188,#1199,.T.);
#1197 = VERTEX_POINT('',#1198);
#1198 = CARTESIAN_POINT('',(10.930048260097,130.93688087376,0.));
#1199 = LINE('',#1200,#1201);
#1200 = CARTESIAN_POINT('',(10.930048260097,130.93688087376,0.));
#1201 = VECTOR('',#1202,1.);
#1202 = DIRECTION('',(0.,0.,1.));
#1203 = ORIENTED_EDGE('',*,*,#1204,.F.);
#1204 = EDGE_CURVE('',#1178,#1197,#1205,.T.);
#1205 = CIRCLE('',#1206,0.5);
#1206 = AXIS2_PLACEMENT_3D('',#1207,#1208,#1209);
#1207 = CARTESIAN_POINT('',(11.430048260097,130.93688087376,0.));
#1208 = DIRECTION('',(0.,0.,1.));
#1209 = DIRECTION('',(1.,1.110223024625E-16,-0.));
#1210 = CYLINDRICAL_SURFACE('',#1211,0.5);
#1211 = AXIS2_PLACEMENT_3D('',#1212,#1213,#1214);
#1212 = CARTESIAN_POINT('',(11.430048260097,130.93688087376,0.));
#1213 = DIRECTION('',(-0.,-0.,-1.));
#1214 = DIRECTION('',(1.,1.110223024625E-16,-0.));
#1215 = ADVANCED_FACE('',(#1216),#1234,.F.);
#1216 = FACE_BOUND('',#1217,.T.);
#1217 = EDGE_LOOP('',(#1218,#1219,#1226,#1227));
#1218 = ORIENTED_EDGE('',*,*,#1196,.T.);
#1219 = ORIENTED_EDGE('',*,*,#1220,.T.);
#1220 = EDGE_CURVE('',#1188,#1180,#1221,.T.);
#1221 = CIRCLE('',#1222,0.5);
#1222 = AXIS2_PLACEMENT_3D('',#1223,#1224,#1225);
#1223 = CARTESIAN_POINT('',(11.430048260097,130.93688087376,
    9.004318008636E-02));
#1224 = DIRECTION('',(0.,0.,1.));
#1225 = DIRECTION('',(-1.,-1.110223024625E-16,0.));
#1226 = ORIENTED_EDGE('',*,*,#1177,.F.);
#1227 = ORIENTED_EDGE('',*,*,#1228,.F.);
#1228 = EDGE_CURVE('',#1197,#1178,#1229,.T.);
#1229 = CIRCLE('',#1230,0.5);
#1230 = AXIS2_PLACEMENT_3D('',#1231,#1232,#1233);
#1231 = CARTESIAN_POINT('',(11.430048260097,130.93688087376,0.));
#1232 = DIRECTION('',(0.,0.,1.));
#1233 = DIRECTION('',(-1.,-1.110223024625E-16,0.));
#1234 = CYLINDRICAL_SURFACE('',#1235,0.5);
#1235 = AXIS2_PLACEMENT_3D('',#1236,#1237,#1238);
#1236 = CARTESIAN_POINT('',(11.430048260097,130.93688087376,0.));
#1237 = DIRECTION('',(-0.,-0.,-1.));
#1238 = DIRECTION('',(-1.,-1.110223024625E-16,0.));
#1239 = ADVANCED_FACE('',(#1240),#1276,.F.);
#1240 = FACE_BOUND('',#1241,.T.);
#1241 = EDGE_LOOP('',(#1242,#1252,#1261,#1269));
#1242 = ORIENTED_EDGE('',*,*,#1243,.T.);
#1243 = EDGE_CURVE('',#1244,#1246,#1248,.T.);
#1244 = VERTEX_POINT('',#1245);
#1245 = CARTESIAN_POINT('',(18.517678435357,86.613944627889,0.));
#1246 = VERTEX_POINT('',#1247);
#1247 = CARTESIAN_POINT('',(18.517678435357,86.613944627889,
    9.004318008636E-02));
#1248 = LINE('',#1249,#1250);
#1249 = CARTESIAN_POINT('',(18.517678435357,86.613944627889,0.));
#1250 = VECTOR('',#1251,1.);
#1251 = DIRECTION('',(0.,0.,1.));
#1252 = ORIENTED_EDGE('',*,*,#1253,.T.);
#1253 = EDGE_CURVE('',#1246,#1254,#1256,.T.);
#1254 = VERTEX_POINT('',#1255);
#1255 = CARTESIAN_POINT('',(15.517678435357,86.613944627889,
    9.004318008636E-02));
#1256 = CIRCLE('',#1257,1.5);
#1257 = AXIS2_PLACEMENT_3D('',#1258,#1259,#1260);
#1258 = CARTESIAN_POINT('',(17.017678435357,86.613944627889,
    9.004318008636E-02));
#1259 = DIRECTION('',(0.,0.,1.));
#1260 = DIRECTION('',(1.,1.110223024625E-16,-0.));
#1261 = ORIENTED_EDGE('',*,*,#1262,.F.);
#1262 = EDGE_CURVE('',#1263,#1254,#1265,.T.);
#1263 = VERTEX_POINT('',#1264);
#1264 = CARTESIAN_POINT('',(15.517678435357,86.613944627889,0.));
#1265 = LINE('',#1266,#1267);
#1266 = CARTESIAN_POINT('',(15.517678435357,86.613944627889,0.));
#1267 = VECTOR('',#1268,1.);
#1268 = DIRECTION('',(0.,0.,1.));
#1269 = ORIENTED_EDGE('',*,*,#1270,.F.);
#1270 = EDGE_CURVE('',#1244,#1263,#1271,.T.);
#1271 = CIRCLE('',#1272,1.5);
#1272 = AXIS2_PLACEMENT_3D('',#1273,#1274,#1275);
#1273 = CARTESIAN_POINT('',(17.017678435357,86.613944627889,0.));
#1274 = DIRECTION('',(0.,0.,1.));
#1275 = DIRECTION('',(1.,1.110223024625E-16,-0.));
#1276 = CYLINDRICAL_SURFACE('',#1277,1.5);
#1277 = AXIS2_PLACEMENT_3D('',#1278,#1279,#1280);
#1278 = CARTESIAN_POINT('',(17.017678435357,86.613944627889,0.));
#1279 = DIRECTION('',(-0.,-0.,-1.));
#1280 = DIRECTION('',(1.,1.110223024625E-16,-0.));
#1281 = ADVANCED_FACE('',(#1282),#1300,.F.);
#1282 = FACE_BOUND('',#1283,.T.);
#1283 = EDGE_LOOP('',(#1284,#1285,#1292,#1293));
#1284 = ORIENTED_EDGE('',*,*,#1262,.T.);
#1285 = ORIENTED_EDGE('',*,*,#1286,.T.);
#1286 = EDGE_CURVE('',#1254,#1246,#1287,.T.);
#1287 = CIRCLE('',#1288,1.5);
#1288 = AXIS2_PLACEMENT_3D('',#1289,#1290,#1291);
#1289 = CARTESIAN_POINT('',(17.017678435357,86.613944627889,
    9.004318008636E-02));
#1290 = DIRECTION('',(0.,0.,1.));
#1291 = DIRECTION('',(-1.,-1.110223024625E-16,0.));
#1292 = ORIENTED_EDGE('',*,*,#1243,.F.);
#1293 = ORIENTED_EDGE('',*,*,#1294,.F.);
#1294 = EDGE_CURVE('',#1263,#1244,#1295,.T.);
#1295 = CIRCLE('',#1296,1.5);
#1296 = AXIS2_PLACEMENT_3D('',#1297,#1298,#1299);
#1297 = CARTESIAN_POINT('',(17.017678435357,86.613944627889,0.));
#1298 = DIRECTION('',(0.,0.,1.));
#1299 = DIRECTION('',(-1.,-1.110223024625E-16,0.));
#1300 = CYLINDRICAL_SURFACE('',#1301,1.5);
#1301 = AXIS2_PLACEMENT_3D('',#1302,#1303,#1304);
#1302 = CARTESIAN_POINT('',(17.017678435357,86.613944627889,0.));
#1303 = DIRECTION('',(-0.,-0.,-1.));
#1304 = DIRECTION('',(-1.,-1.110223024625E-16,0.));
#1305 = ADVANCED_FACE('',(#1306),#1342,.F.);
#1306 = FACE_BOUND('',#1307,.T.);
#1307 = EDGE_LOOP('',(#1308,#1318,#1327,#1335));
#1308 = ORIENTED_EDGE('',*,*,#1309,.T.);
#1309 = EDGE_CURVE('',#1310,#1312,#1314,.T.);
#1310 = VERTEX_POINT('',#1311);
#1311 = CARTESIAN_POINT('',(18.833832867666,64.693929387859,0.));
#1312 = VERTEX_POINT('',#1313);
#1313 = CARTESIAN_POINT('',(18.833832867666,64.693929387859,
    9.004318008636E-02));
#1314 = LINE('',#1315,#1316);
#1315 = CARTESIAN_POINT('',(18.833832867666,64.693929387859,0.));
#1316 = VECTOR('',#1317,1.);
#1317 = DIRECTION('',(0.,0.,1.));
#1318 = ORIENTED_EDGE('',*,*,#1319,.T.);
#1319 = EDGE_CURVE('',#1312,#1320,#1322,.T.);
#1320 = VERTEX_POINT('',#1321);
#1321 = CARTESIAN_POINT('',(16.333807467615,64.693929387859,
    9.004318008636E-02));
#1322 = CIRCLE('',#1323,1.250012700025);
#1323 = AXIS2_PLACEMENT_3D('',#1324,#1325,#1326);
#1324 = CARTESIAN_POINT('',(17.58382016764,64.693929387859,
    9.004318008636E-02));
#1325 = DIRECTION('',(0.,0.,1.));
#1326 = DIRECTION('',(1.,1.110223024625E-16,-0.));
#1327 = ORIENTED_EDGE('',*,*,#1328,.F.);
#1328 = EDGE_CURVE('',#1329,#1320,#1331,.T.);
#1329 = VERTEX_POINT('',#1330);
#1330 = CARTESIAN_POINT('',(16.333807467615,64.693929387859,0.));
#1331 = LINE('',#1332,#1333);
#1332 = CARTESIAN_POINT('',(16.333807467615,64.693929387859,0.));
#1333 = VECTOR('',#1334,1.);
#1334 = DIRECTION('',(0.,0.,1.));
#1335 = ORIENTED_EDGE('',*,*,#1336,.F.);
#1336 = EDGE_CURVE('',#1310,#1329,#1337,.T.);
#1337 = CIRCLE('',#1338,1.250012700025);
#1338 = AXIS2_PLACEMENT_3D('',#1339,#1340,#1341);
#1339 = CARTESIAN_POINT('',(17.58382016764,64.693929387859,0.));
#1340 = DIRECTION('',(0.,0.,1.));
#1341 = DIRECTION('',(1.,1.110223024625E-16,-0.));
#1342 = CYLINDRICAL_SURFACE('',#1343,1.250012700025);
#1343 = AXIS2_PLACEMENT_3D('',#1344,#1345,#1346);
#1344 = CARTESIAN_POINT('',(17.58382016764,64.693929387859,0.));
#1345 = DIRECTION('',(-0.,-0.,-1.));
#1346 = DIRECTION('',(1.,1.110223024625E-16,-0.));
#1347 = ADVANCED_FACE('',(#1348),#1366,.F.);
#1348 = FACE_BOUND('',#1349,.T.);
#1349 = EDGE_LOOP('',(#1350,#1351,#1358,#1359));
#1350 = ORIENTED_EDGE('',*,*,#1328,.T.);
#1351 = ORIENTED_EDGE('',*,*,#1352,.T.);
#1352 = EDGE_CURVE('',#1320,#1312,#1353,.T.);
#1353 = CIRCLE('',#1354,1.250012700025);
#1354 = AXIS2_PLACEMENT_3D('',#1355,#1356,#1357);
#1355 = CARTESIAN_POINT('',(17.58382016764,64.693929387859,
    9.004318008636E-02));
#1356 = DIRECTION('',(0.,0.,1.));
#1357 = DIRECTION('',(-1.,-1.110223024625E-16,0.));
#1358 = ORIENTED_EDGE('',*,*,#1309,.F.);
#1359 = ORIENTED_EDGE('',*,*,#1360,.F.);
#1360 = EDGE_CURVE('',#1329,#1310,#1361,.T.);
#1361 = CIRCLE('',#1362,1.250012700025);
#1362 = AXIS2_PLACEMENT_3D('',#1363,#1364,#1365);
#1363 = CARTESIAN_POINT('',(17.58382016764,64.693929387859,0.));
#1364 = DIRECTION('',(0.,0.,1.));
#1365 = DIRECTION('',(-1.,-1.110223024625E-16,0.));
#1366 = CYLINDRICAL_SURFACE('',#1367,1.250012700025);
#1367 = AXIS2_PLACEMENT_3D('',#1368,#1369,#1370);
#1368 = CARTESIAN_POINT('',(17.58382016764,64.693929387859,0.));
#1369 = DIRECTION('',(-0.,-0.,-1.));
#1370 = DIRECTION('',(-1.,-1.110223024625E-16,0.));
#1371 = ADVANCED_FACE('',(#1372),#1408,.F.);
#1372 = FACE_BOUND('',#1373,.T.);
#1373 = EDGE_LOOP('',(#1374,#1384,#1393,#1401));
#1374 = ORIENTED_EDGE('',*,*,#1375,.T.);
#1375 = EDGE_CURVE('',#1376,#1378,#1380,.T.);
#1376 = VERTEX_POINT('',#1377);
#1377 = CARTESIAN_POINT('',(18.833985267971,52.654051308103,0.));
#1378 = VERTEX_POINT('',#1379);
#1379 = CARTESIAN_POINT('',(18.833985267971,52.654051308103,
    9.004318008636E-02));
#1380 = LINE('',#1381,#1382);
#1381 = CARTESIAN_POINT('',(18.833985267971,52.654051308103,0.));
#1382 = VECTOR('',#1383,1.);
#1383 = DIRECTION('',(0.,0.,1.));
#1384 = ORIENTED_EDGE('',*,*,#1385,.T.);
#1385 = EDGE_CURVE('',#1378,#1386,#1388,.T.);
#1386 = VERTEX_POINT('',#1387);
#1387 = CARTESIAN_POINT('',(16.33395986792,52.654051308103,
    9.004318008636E-02));
#1388 = CIRCLE('',#1389,1.250012700025);
#1389 = AXIS2_PLACEMENT_3D('',#1390,#1391,#1392);
#1390 = CARTESIAN_POINT('',(17.583972567945,52.654051308103,
    9.004318008636E-02));
#1391 = DIRECTION('',(0.,0.,1.));
#1392 = DIRECTION('',(1.,1.110223024625E-16,-0.));
#1393 = ORIENTED_EDGE('',*,*,#1394,.F.);
#1394 = EDGE_CURVE('',#1395,#1386,#1397,.T.);
#1395 = VERTEX_POINT('',#1396);
#1396 = CARTESIAN_POINT('',(16.33395986792,52.654051308103,0.));
#1397 = LINE('',#1398,#1399);
#1398 = CARTESIAN_POINT('',(16.33395986792,52.654051308103,0.));
#1399 = VECTOR('',#1400,1.);
#1400 = DIRECTION('',(0.,0.,1.));
#1401 = ORIENTED_EDGE('',*,*,#1402,.F.);
#1402 = EDGE_CURVE('',#1376,#1395,#1403,.T.);
#1403 = CIRCLE('',#1404,1.250012700025);
#1404 = AXIS2_PLACEMENT_3D('',#1405,#1406,#1407);
#1405 = CARTESIAN_POINT('',(17.583972567945,52.654051308103,0.));
#1406 = DIRECTION('',(0.,0.,1.));
#1407 = DIRECTION('',(1.,1.110223024625E-16,-0.));
#1408 = CYLINDRICAL_SURFACE('',#1409,1.250012700025);
#1409 = AXIS2_PLACEMENT_3D('',#1410,#1411,#1412);
#1410 = CARTESIAN_POINT('',(17.583972567945,52.654051308103,0.));
#1411 = DIRECTION('',(-0.,-0.,-1.));
#1412 = DIRECTION('',(1.,1.110223024625E-16,-0.));
#1413 = ADVANCED_FACE('',(#1414),#1432,.F.);
#1414 = FACE_BOUND('',#1415,.T.);
#1415 = EDGE_LOOP('',(#1416,#1417,#1424,#1425));
#1416 = ORIENTED_EDGE('',*,*,#1394,.T.);
#1417 = ORIENTED_EDGE('',*,*,#1418,.T.);
#1418 = EDGE_CURVE('',#1386,#1378,#1419,.T.);
#1419 = CIRCLE('',#1420,1.250012700025);
#1420 = AXIS2_PLACEMENT_3D('',#1421,#1422,#1423);
#1421 = CARTESIAN_POINT('',(17.583972567945,52.654051308103,
    9.004318008636E-02));
#1422 = DIRECTION('',(0.,0.,1.));
#1423 = DIRECTION('',(-1.,-1.110223024625E-16,0.));
#1424 = ORIENTED_EDGE('',*,*,#1375,.F.);
#1425 = ORIENTED_EDGE('',*,*,#1426,.F.);
#1426 = EDGE_CURVE('',#1395,#1376,#1427,.T.);
#1427 = CIRCLE('',#1428,1.250012700025);
#1428 = AXIS2_PLACEMENT_3D('',#1429,#1430,#1431);
#1429 = CARTESIAN_POINT('',(17.583972567945,52.654051308103,0.));
#1430 = DIRECTION('',(0.,0.,1.));
#1431 = DIRECTION('',(-1.,-1.110223024625E-16,0.));
#1432 = CYLINDRICAL_SURFACE('',#1433,1.250012700025);
#1433 = AXIS2_PLACEMENT_3D('',#1434,#1435,#1436);
#1434 = CARTESIAN_POINT('',(17.583972567945,52.654051308103,0.));
#1435 = DIRECTION('',(-0.,-0.,-1.));
#1436 = DIRECTION('',(-1.,-1.110223024625E-16,0.));
#1437 = ADVANCED_FACE('',(#1438),#1474,.F.);
#1438 = FACE_BOUND('',#1439,.T.);
#1439 = EDGE_LOOP('',(#1440,#1450,#1459,#1467));
#1440 = ORIENTED_EDGE('',*,*,#1441,.T.);
#1441 = EDGE_CURVE('',#1442,#1444,#1446,.T.);
#1442 = VERTEX_POINT('',#1443);
#1443 = CARTESIAN_POINT('',(20.793751587503,57.424079248159,0.));
#1444 = VERTEX_POINT('',#1445);
#1445 = CARTESIAN_POINT('',(20.793751587503,57.424079248159,
    9.004318008636E-02));
#1446 = LINE('',#1447,#1448);
#1447 = CARTESIAN_POINT('',(20.793751587503,57.424079248159,0.));
#1448 = VECTOR('',#1449,1.);
#1449 = DIRECTION('',(0.,0.,1.));
#1450 = ORIENTED_EDGE('',*,*,#1451,.T.);
#1451 = EDGE_CURVE('',#1444,#1452,#1454,.T.);
#1452 = VERTEX_POINT('',#1453);
#1453 = CARTESIAN_POINT('',(19.793751587503,57.424079248159,
    9.004318008636E-02));
#1454 = CIRCLE('',#1455,0.5);
#1455 = AXIS2_PLACEMENT_3D('',#1456,#1457,#1458);
#1456 = CARTESIAN_POINT('',(20.293751587503,57.424079248159,
    9.004318008636E-02));
#1457 = DIRECTION('',(0.,0.,1.));
#1458 = DIRECTION('',(1.,1.110223024625E-16,-0.));
#1459 = ORIENTED_EDGE('',*,*,#1460,.F.);
#1460 = EDGE_CURVE('',#1461,#1452,#1463,.T.);
#1461 = VERTEX_POINT('',#1462);
#1462 = CARTESIAN_POINT('',(19.793751587503,57.424079248159,0.));
#1463 = LINE('',#1464,#1465);
#1464 = CARTESIAN_POINT('',(19.793751587503,57.424079248159,0.));
#1465 = VECTOR('',#1466,1.);
#1466 = DIRECTION('',(0.,0.,1.));
#1467 = ORIENTED_EDGE('',*,*,#1468,.F.);
#1468 = EDGE_CURVE('',#1442,#1461,#1469,.T.);
#1469 = CIRCLE('',#1470,0.5);
#1470 = AXIS2_PLACEMENT_3D('',#1471,#1472,#1473);
#1471 = CARTESIAN_POINT('',(20.293751587503,57.424079248159,0.));
#1472 = DIRECTION('',(0.,0.,1.));
#1473 = DIRECTION('',(1.,1.110223024625E-16,-0.));
#1474 = CYLINDRICAL_SURFACE('',#1475,0.5);
#1475 = AXIS2_PLACEMENT_3D('',#1476,#1477,#1478);
#1476 = CARTESIAN_POINT('',(20.293751587503,57.424079248159,0.));
#1477 = DIRECTION('',(-0.,-0.,-1.));
#1478 = DIRECTION('',(1.,1.110223024625E-16,-0.));
#1479 = ADVANCED_FACE('',(#1480),#1498,.F.);
#1480 = FACE_BOUND('',#1481,.T.);
#1481 = EDGE_LOOP('',(#1482,#1483,#1490,#1491));
#1482 = ORIENTED_EDGE('',*,*,#1460,.T.);
#1483 = ORIENTED_EDGE('',*,*,#1484,.T.);
#1484 = EDGE_CURVE('',#1452,#1444,#1485,.T.);
#1485 = CIRCLE('',#1486,0.5);
#1486 = AXIS2_PLACEMENT_3D('',#1487,#1488,#1489);
#1487 = CARTESIAN_POINT('',(20.293751587503,57.424079248159,
    9.004318008636E-02));
#1488 = DIRECTION('',(0.,0.,1.));
#1489 = DIRECTION('',(-1.,-1.110223024625E-16,0.));
#1490 = ORIENTED_EDGE('',*,*,#1441,.F.);
#1491 = ORIENTED_EDGE('',*,*,#1492,.F.);
#1492 = EDGE_CURVE('',#1461,#1442,#1493,.T.);
#1493 = CIRCLE('',#1494,0.5);
#1494 = AXIS2_PLACEMENT_3D('',#1495,#1496,#1497);
#1495 = CARTESIAN_POINT('',(20.293751587503,57.424079248159,0.));
#1496 = DIRECTION('',(0.,0.,1.));
#1497 = DIRECTION('',(-1.,-1.110223024625E-16,0.));
#1498 = CYLINDRICAL_SURFACE('',#1499,0.5);
#1499 = AXIS2_PLACEMENT_3D('',#1500,#1501,#1502);
#1500 = CARTESIAN_POINT('',(20.293751587503,57.424079248159,0.));
#1501 = DIRECTION('',(-0.,-0.,-1.));
#1502 = DIRECTION('',(-1.,-1.110223024625E-16,0.));
#1503 = ADVANCED_FACE('',(#1504),#1540,.F.);
#1504 = FACE_BOUND('',#1505,.T.);
#1505 = EDGE_LOOP('',(#1506,#1516,#1525,#1533));
#1506 = ORIENTED_EDGE('',*,*,#1507,.T.);
#1507 = EDGE_CURVE('',#1508,#1510,#1512,.T.);
#1508 = VERTEX_POINT('',#1509);
#1509 = CARTESIAN_POINT('',(20.793878587757,59.924206248413,0.));
#1510 = VERTEX_POINT('',#1511);
#1511 = CARTESIAN_POINT('',(20.793878587757,59.924206248413,
    9.004318008636E-02));
#1512 = LINE('',#1513,#1514);
#1513 = CARTESIAN_POINT('',(20.793878587757,59.924206248413,0.));
#1514 = VECTOR('',#1515,1.);
#1515 = DIRECTION('',(0.,0.,1.));
#1516 = ORIENTED_EDGE('',*,*,#1517,.T.);
#1517 = EDGE_CURVE('',#1510,#1518,#1520,.T.);
#1518 = VERTEX_POINT('',#1519);
#1519 = CARTESIAN_POINT('',(19.793878587757,59.924206248413,
    9.004318008636E-02));
#1520 = CIRCLE('',#1521,0.5);
#1521 = AXIS2_PLACEMENT_3D('',#1522,#1523,#1524);
#1522 = CARTESIAN_POINT('',(20.293878587757,59.924206248413,
    9.004318008636E-02));
#1523 = DIRECTION('',(0.,0.,1.));
#1524 = DIRECTION('',(1.,1.110223024625E-16,-0.));
#1525 = ORIENTED_EDGE('',*,*,#1526,.F.);
#1526 = EDGE_CURVE('',#1527,#1518,#1529,.T.);
#1527 = VERTEX_POINT('',#1528);
#1528 = CARTESIAN_POINT('',(19.793878587757,59.924206248413,0.));
#1529 = LINE('',#1530,#1531);
#1530 = CARTESIAN_POINT('',(19.793878587757,59.924206248413,0.));
#1531 = VECTOR('',#1532,1.);
#1532 = DIRECTION('',(0.,0.,1.));
#1533 = ORIENTED_EDGE('',*,*,#1534,.F.);
#1534 = EDGE_CURVE('',#1508,#1527,#1535,.T.);
#1535 = CIRCLE('',#1536,0.5);
#1536 = AXIS2_PLACEMENT_3D('',#1537,#1538,#1539);
#1537 = CARTESIAN_POINT('',(20.293878587757,59.924206248413,0.));
#1538 = DIRECTION('',(0.,0.,1.));
#1539 = DIRECTION('',(1.,1.110223024625E-16,-0.));
#1540 = CYLINDRICAL_SURFACE('',#1541,0.5);
#1541 = AXIS2_PLACEMENT_3D('',#1542,#1543,#1544);
#1542 = CARTESIAN_POINT('',(20.293878587757,59.924206248413,0.));
#1543 = DIRECTION('',(-0.,-0.,-1.));
#1544 = DIRECTION('',(1.,1.110223024625E-16,-0.));
#1545 = ADVANCED_FACE('',(#1546),#1564,.F.);
#1546 = FACE_BOUND('',#1547,.T.);
#1547 = EDGE_LOOP('',(#1548,#1549,#1556,#1557));
#1548 = ORIENTED_EDGE('',*,*,#1526,.T.);
#1549 = ORIENTED_EDGE('',*,*,#1550,.T.);
#1550 = EDGE_CURVE('',#1518,#1510,#1551,.T.);
#1551 = CIRCLE('',#1552,0.5);
#1552 = AXIS2_PLACEMENT_3D('',#1553,#1554,#1555);
#1553 = CARTESIAN_POINT('',(20.293878587757,59.924206248413,
    9.004318008636E-02));
#1554 = DIRECTION('',(0.,0.,1.));
#1555 = DIRECTION('',(-1.,-1.110223024625E-16,0.));
#1556 = ORIENTED_EDGE('',*,*,#1507,.F.);
#1557 = ORIENTED_EDGE('',*,*,#1558,.F.);
#1558 = EDGE_CURVE('',#1527,#1508,#1559,.T.);
#1559 = CIRCLE('',#1560,0.5);
#1560 = AXIS2_PLACEMENT_3D('',#1561,#1562,#1563);
#1561 = CARTESIAN_POINT('',(20.293878587757,59.924206248413,0.));
#1562 = DIRECTION('',(0.,0.,1.));
#1563 = DIRECTION('',(-1.,-1.110223024625E-16,0.));
#1564 = CYLINDRICAL_SURFACE('',#1565,0.5);
#1565 = AXIS2_PLACEMENT_3D('',#1566,#1567,#1568);
#1566 = CARTESIAN_POINT('',(20.293878587757,59.924206248413,0.));
#1567 = DIRECTION('',(-0.,-0.,-1.));
#1568 = DIRECTION('',(-1.,-1.110223024625E-16,0.));
#1569 = ADVANCED_FACE('',(#1570),#1606,.F.);
#1570 = FACE_BOUND('',#1571,.T.);
#1571 = EDGE_LOOP('',(#1572,#1582,#1591,#1599));
#1572 = ORIENTED_EDGE('',*,*,#1573,.T.);
#1573 = EDGE_CURVE('',#1574,#1576,#1578,.T.);
#1574 = VERTEX_POINT('',#1575);
#1575 = CARTESIAN_POINT('',(22.793751587503,57.424079248159,0.));
#1576 = VERTEX_POINT('',#1577);
#1577 = CARTESIAN_POINT('',(22.793751587503,57.424079248159,
    9.004318008636E-02));
#1578 = LINE('',#1579,#1580);
#1579 = CARTESIAN_POINT('',(22.793751587503,57.424079248159,0.));
#1580 = VECTOR('',#1581,1.);
#1581 = DIRECTION('',(0.,0.,1.));
#1582 = ORIENTED_EDGE('',*,*,#1583,.T.);
#1583 = EDGE_CURVE('',#1576,#1584,#1586,.T.);
#1584 = VERTEX_POINT('',#1585);
#1585 = CARTESIAN_POINT('',(21.793751587503,57.424079248159,
    9.004318008636E-02));
#1586 = CIRCLE('',#1587,0.5);
#1587 = AXIS2_PLACEMENT_3D('',#1588,#1589,#1590);
#1588 = CARTESIAN_POINT('',(22.293751587503,57.424079248159,
    9.004318008636E-02));
#1589 = DIRECTION('',(0.,0.,1.));
#1590 = DIRECTION('',(1.,1.110223024625E-16,-0.));
#1591 = ORIENTED_EDGE('',*,*,#1592,.F.);
#1592 = EDGE_CURVE('',#1593,#1584,#1595,.T.);
#1593 = VERTEX_POINT('',#1594);
#1594 = CARTESIAN_POINT('',(21.793751587503,57.424079248159,0.));
#1595 = LINE('',#1596,#1597);
#1596 = CARTESIAN_POINT('',(21.793751587503,57.424079248159,0.));
#1597 = VECTOR('',#1598,1.);
#1598 = DIRECTION('',(0.,0.,1.));
#1599 = ORIENTED_EDGE('',*,*,#1600,.F.);
#1600 = EDGE_CURVE('',#1574,#1593,#1601,.T.);
#1601 = CIRCLE('',#1602,0.5);
#1602 = AXIS2_PLACEMENT_3D('',#1603,#1604,#1605);
#1603 = CARTESIAN_POINT('',(22.293751587503,57.424079248159,0.));
#1604 = DIRECTION('',(0.,0.,1.));
#1605 = DIRECTION('',(1.,1.110223024625E-16,-0.));
#1606 = CYLINDRICAL_SURFACE('',#1607,0.5);
#1607 = AXIS2_PLACEMENT_3D('',#1608,#1609,#1610);
#1608 = CARTESIAN_POINT('',(22.293751587503,57.424079248159,0.));
#1609 = DIRECTION('',(-0.,-0.,-1.));
#1610 = DIRECTION('',(1.,1.110223024625E-16,-0.));
#1611 = ADVANCED_FACE('',(#1612),#1630,.F.);
#1612 = FACE_BOUND('',#1613,.T.);
#1613 = EDGE_LOOP('',(#1614,#1615,#1622,#1623));
#1614 = ORIENTED_EDGE('',*,*,#1592,.T.);
#1615 = ORIENTED_EDGE('',*,*,#1616,.T.);
#1616 = EDGE_CURVE('',#1584,#1576,#1617,.T.);
#1617 = CIRCLE('',#1618,0.5);
#1618 = AXIS2_PLACEMENT_3D('',#1619,#1620,#1621);
#1619 = CARTESIAN_POINT('',(22.293751587503,57.424079248159,
    9.004318008636E-02));
#1620 = DIRECTION('',(0.,0.,1.));
#1621 = DIRECTION('',(-1.,-1.110223024625E-16,0.));
#1622 = ORIENTED_EDGE('',*,*,#1573,.F.);
#1623 = ORIENTED_EDGE('',*,*,#1624,.F.);
#1624 = EDGE_CURVE('',#1593,#1574,#1625,.T.);
#1625 = CIRCLE('',#1626,0.5);
#1626 = AXIS2_PLACEMENT_3D('',#1627,#1628,#1629);
#1627 = CARTESIAN_POINT('',(22.293751587503,57.424079248159,0.));
#1628 = DIRECTION('',(0.,0.,1.));
#1629 = DIRECTION('',(-1.,-1.110223024625E-16,0.));
#1630 = CYLINDRICAL_SURFACE('',#1631,0.5);
#1631 = AXIS2_PLACEMENT_3D('',#1632,#1633,#1634);
#1632 = CARTESIAN_POINT('',(22.293751587503,57.424079248159,0.));
#1633 = DIRECTION('',(-0.,-0.,-1.));
#1634 = DIRECTION('',(-1.,-1.110223024625E-16,0.));
#1635 = ADVANCED_FACE('',(#1636),#1672,.F.);
#1636 = FACE_BOUND('',#1637,.T.);
#1637 = EDGE_LOOP('',(#1638,#1648,#1657,#1665));
#1638 = ORIENTED_EDGE('',*,*,#1639,.T.);
#1639 = EDGE_CURVE('',#1640,#1642,#1644,.T.);
#1640 = VERTEX_POINT('',#1641);
#1641 = CARTESIAN_POINT('',(22.793878587757,59.924206248413,0.));
#1642 = VERTEX_POINT('',#1643);
#1643 = CARTESIAN_POINT('',(22.793878587757,59.924206248413,
    9.004318008636E-02));
#1644 = LINE('',#1645,#1646);
#1645 = CARTESIAN_POINT('',(22.793878587757,59.924206248413,0.));
#1646 = VECTOR('',#1647,1.);
#1647 = DIRECTION('',(0.,0.,1.));
#1648 = ORIENTED_EDGE('',*,*,#1649,.T.);
#1649 = EDGE_CURVE('',#1642,#1650,#1652,.T.);
#1650 = VERTEX_POINT('',#1651);
#1651 = CARTESIAN_POINT('',(21.793878587757,59.924206248413,
    9.004318008636E-02));
#1652 = CIRCLE('',#1653,0.5);
#1653 = AXIS2_PLACEMENT_3D('',#1654,#1655,#1656);
#1654 = CARTESIAN_POINT('',(22.293878587757,59.924206248413,
    9.004318008636E-02));
#1655 = DIRECTION('',(0.,0.,1.));
#1656 = DIRECTION('',(1.,1.110223024625E-16,-0.));
#1657 = ORIENTED_EDGE('',*,*,#1658,.F.);
#1658 = EDGE_CURVE('',#1659,#1650,#1661,.T.);
#1659 = VERTEX_POINT('',#1660);
#1660 = CARTESIAN_POINT('',(21.793878587757,59.924206248413,0.));
#1661 = LINE('',#1662,#1663);
#1662 = CARTESIAN_POINT('',(21.793878587757,59.924206248413,0.));
#1663 = VECTOR('',#1664,1.);
#1664 = DIRECTION('',(0.,0.,1.));
#1665 = ORIENTED_EDGE('',*,*,#1666,.F.);
#1666 = EDGE_CURVE('',#1640,#1659,#1667,.T.);
#1667 = CIRCLE('',#1668,0.5);
#1668 = AXIS2_PLACEMENT_3D('',#1669,#1670,#1671);
#1669 = CARTESIAN_POINT('',(22.293878587757,59.924206248413,0.));
#1670 = DIRECTION('',(0.,0.,1.));
#1671 = DIRECTION('',(1.,1.110223024625E-16,-0.));
#1672 = CYLINDRICAL_SURFACE('',#1673,0.5);
#1673 = AXIS2_PLACEMENT_3D('',#1674,#1675,#1676);
#1674 = CARTESIAN_POINT('',(22.293878587757,59.924206248413,0.));
#1675 = DIRECTION('',(-0.,-0.,-1.));
#1676 = DIRECTION('',(1.,1.110223024625E-16,-0.));
#1677 = ADVANCED_FACE('',(#1678),#1696,.F.);
#1678 = FACE_BOUND('',#1679,.T.);
#1679 = EDGE_LOOP('',(#1680,#1681,#1688,#1689));
#1680 = ORIENTED_EDGE('',*,*,#1658,.T.);
#1681 = ORIENTED_EDGE('',*,*,#1682,.T.);
#1682 = EDGE_CURVE('',#1650,#1642,#1683,.T.);
#1683 = CIRCLE('',#1684,0.5);
#1684 = AXIS2_PLACEMENT_3D('',#1685,#1686,#1687);
#1685 = CARTESIAN_POINT('',(22.293878587757,59.924206248413,
    9.004318008636E-02));
#1686 = DIRECTION('',(0.,0.,1.));
#1687 = DIRECTION('',(-1.,-1.110223024625E-16,0.));
#1688 = ORIENTED_EDGE('',*,*,#1639,.F.);
#1689 = ORIENTED_EDGE('',*,*,#1690,.F.);
#1690 = EDGE_CURVE('',#1659,#1640,#1691,.T.);
#1691 = CIRCLE('',#1692,0.5);
#1692 = AXIS2_PLACEMENT_3D('',#1693,#1694,#1695);
#1693 = CARTESIAN_POINT('',(22.293878587757,59.924206248413,0.));
#1694 = DIRECTION('',(0.,0.,1.));
#1695 = DIRECTION('',(-1.,-1.110223024625E-16,0.));
#1696 = CYLINDRICAL_SURFACE('',#1697,0.5);
#1697 = AXIS2_PLACEMENT_3D('',#1698,#1699,#1700);
#1698 = CARTESIAN_POINT('',(22.293878587757,59.924206248413,0.));
#1699 = DIRECTION('',(-0.,-0.,-1.));
#1700 = DIRECTION('',(-1.,-1.110223024625E-16,0.));
#1701 = ADVANCED_FACE('',(#1702),#1738,.F.);
#1702 = FACE_BOUND('',#1703,.T.);
#1703 = EDGE_LOOP('',(#1704,#1714,#1723,#1731));
#1704 = ORIENTED_EDGE('',*,*,#1705,.T.);
#1705 = EDGE_CURVE('',#1706,#1708,#1710,.T.);
#1706 = VERTEX_POINT('',#1707);
#1707 = CARTESIAN_POINT('',(25.010083820168,142.87520955041,0.));
#1708 = VERTEX_POINT('',#1709);
#1709 = CARTESIAN_POINT('',(25.010083820168,142.87520955041,
    9.004318008636E-02));
#1710 = LINE('',#1711,#1712);
#1711 = CARTESIAN_POINT('',(25.010083820168,142.87520955041,0.));
#1712 = VECTOR('',#1713,1.);
#1713 = DIRECTION('',(0.,0.,1.));
#1714 = ORIENTED_EDGE('',*,*,#1715,.T.);
#1715 = EDGE_CURVE('',#1708,#1716,#1718,.T.);
#1716 = VERTEX_POINT('',#1717);
#1717 = CARTESIAN_POINT('',(24.010083820168,142.87520955041,
    9.004318008636E-02));
#1718 = CIRCLE('',#1719,0.5);
#1719 = AXIS2_PLACEMENT_3D('',#1720,#1721,#1722);
#1720 = CARTESIAN_POINT('',(24.510083820168,142.87520955041,
    9.004318008636E-02));
#1721 = DIRECTION('',(0.,0.,1.));
#1722 = DIRECTION('',(1.,1.110223024625E-16,-0.));
#1723 = ORIENTED_EDGE('',*,*,#1724,.F.);
#1724 = EDGE_CURVE('',#1725,#1716,#1727,.T.);
#1725 = VERTEX_POINT('',#1726);
#1726 = CARTESIAN_POINT('',(24.010083820168,142.87520955041,0.));
#1727 = LINE('',#1728,#1729);
#1728 = CARTESIAN_POINT('',(24.010083820168,142.87520955041,0.));
#1729 = VECTOR('',#1730,1.);
#1730 = DIRECTION('',(0.,0.,1.));
#1731 = ORIENTED_EDGE('',*,*,#1732,.F.);
#1732 = EDGE_CURVE('',#1706,#1725,#1733,.T.);
#1733 = CIRCLE('',#1734,0.5);
#1734 = AXIS2_PLACEMENT_3D('',#1735,#1736,#1737);
#1735 = CARTESIAN_POINT('',(24.510083820168,142.87520955041,0.));
#1736 = DIRECTION('',(0.,0.,1.));
#1737 = DIRECTION('',(1.,1.110223024625E-16,-0.));
#1738 = CYLINDRICAL_SURFACE('',#1739,0.5);
#1739 = AXIS2_PLACEMENT_3D('',#1740,#1741,#1742);
#1740 = CARTESIAN_POINT('',(24.510083820168,142.87520955041,0.));
#1741 = DIRECTION('',(-0.,-0.,-1.));
#1742 = DIRECTION('',(1.,1.110223024625E-16,-0.));
#1743 = ADVANCED_FACE('',(#1744),#1762,.F.);
#1744 = FACE_BOUND('',#1745,.T.);
#1745 = EDGE_LOOP('',(#1746,#1747,#1754,#1755));
#1746 = ORIENTED_EDGE('',*,*,#1724,.T.);
#1747 = ORIENTED_EDGE('',*,*,#1748,.T.);
#1748 = EDGE_CURVE('',#1716,#1708,#1749,.T.);
#1749 = CIRCLE('',#1750,0.5);
#1750 = AXIS2_PLACEMENT_3D('',#1751,#1752,#1753);
#1751 = CARTESIAN_POINT('',(24.510083820168,142.87520955041,
    9.004318008636E-02));
#1752 = DIRECTION('',(0.,0.,1.));
#1753 = DIRECTION('',(-1.,-1.110223024625E-16,0.));
#1754 = ORIENTED_EDGE('',*,*,#1705,.F.);
#1755 = ORIENTED_EDGE('',*,*,#1756,.F.);
#1756 = EDGE_CURVE('',#1725,#1706,#1757,.T.);
#1757 = CIRCLE('',#1758,0.5);
#1758 = AXIS2_PLACEMENT_3D('',#1759,#1760,#1761);
#1759 = CARTESIAN_POINT('',(24.510083820168,142.87520955041,0.));
#1760 = DIRECTION('',(0.,0.,1.));
#1761 = DIRECTION('',(-1.,-1.110223024625E-16,0.));
#1762 = CYLINDRICAL_SURFACE('',#1763,0.5);
#1763 = AXIS2_PLACEMENT_3D('',#1764,#1765,#1766);
#1764 = CARTESIAN_POINT('',(24.510083820168,142.87520955041,0.));
#1765 = DIRECTION('',(-0.,-0.,-1.));
#1766 = DIRECTION('',(-1.,-1.110223024625E-16,0.));
#1767 = ADVANCED_FACE('',(#1768),#1804,.F.);
#1768 = FACE_BOUND('',#1769,.T.);
#1769 = EDGE_LOOP('',(#1770,#1780,#1789,#1797));
#1770 = ORIENTED_EDGE('',*,*,#1771,.T.);
#1771 = EDGE_CURVE('',#1772,#1774,#1776,.T.);
#1772 = VERTEX_POINT('',#1773);
#1773 = CARTESIAN_POINT('',(27.550088900178,142.87520955041,0.));
#1774 = VERTEX_POINT('',#1775);
#1775 = CARTESIAN_POINT('',(27.550088900178,142.87520955041,
    9.004318008636E-02));
#1776 = LINE('',#1777,#1778);
#1777 = CARTESIAN_POINT('',(27.550088900178,142.87520955041,0.));
#1778 = VECTOR('',#1779,1.);
#1779 = DIRECTION('',(0.,0.,1.));
#1780 = ORIENTED_EDGE('',*,*,#1781,.T.);
#1781 = EDGE_CURVE('',#1774,#1782,#1784,.T.);
#1782 = VERTEX_POINT('',#1783);
#1783 = CARTESIAN_POINT('',(26.550088900178,142.87520955041,
    9.004318008636E-02));
#1784 = CIRCLE('',#1785,0.5);
#1785 = AXIS2_PLACEMENT_3D('',#1786,#1787,#1788);
#1786 = CARTESIAN_POINT('',(27.050088900178,142.87520955041,
    9.004318008636E-02));
#1787 = DIRECTION('',(0.,0.,1.));
#1788 = DIRECTION('',(1.,1.110223024625E-16,-0.));
#1789 = ORIENTED_EDGE('',*,*,#1790,.F.);
#1790 = EDGE_CURVE('',#1791,#1782,#1793,.T.);
#1791 = VERTEX_POINT('',#1792);
#1792 = CARTESIAN_POINT('',(26.550088900178,142.87520955041,0.));
#1793 = LINE('',#1794,#1795);
#1794 = CARTESIAN_POINT('',(26.550088900178,142.87520955041,0.));
#1795 = VECTOR('',#1796,1.);
#1796 = DIRECTION('',(0.,0.,1.));
#1797 = ORIENTED_EDGE('',*,*,#1798,.F.);
#1798 = EDGE_CURVE('',#1772,#1791,#1799,.T.);
#1799 = CIRCLE('',#1800,0.5);
#1800 = AXIS2_PLACEMENT_3D('',#1801,#1802,#1803);
#1801 = CARTESIAN_POINT('',(27.050088900178,142.87520955041,0.));
#1802 = DIRECTION('',(0.,0.,1.));
#1803 = DIRECTION('',(1.,1.110223024625E-16,-0.));
#1804 = CYLINDRICAL_SURFACE('',#1805,0.5);
#1805 = AXIS2_PLACEMENT_3D('',#1806,#1807,#1808);
#1806 = CARTESIAN_POINT('',(27.050088900178,142.87520955041,0.));
#1807 = DIRECTION('',(-0.,-0.,-1.));
#1808 = DIRECTION('',(1.,1.110223024625E-16,-0.));
#1809 = ADVANCED_FACE('',(#1810),#1828,.F.);
#1810 = FACE_BOUND('',#1811,.T.);
#1811 = EDGE_LOOP('',(#1812,#1813,#1820,#1821));
#1812 = ORIENTED_EDGE('',*,*,#1790,.T.);
#1813 = ORIENTED_EDGE('',*,*,#1814,.T.);
#1814 = EDGE_CURVE('',#1782,#1774,#1815,.T.);
#1815 = CIRCLE('',#1816,0.5);
#1816 = AXIS2_PLACEMENT_3D('',#1817,#1818,#1819);
#1817 = CARTESIAN_POINT('',(27.050088900178,142.87520955041,
    9.004318008636E-02));
#1818 = DIRECTION('',(0.,0.,1.));
#1819 = DIRECTION('',(-1.,-1.110223024625E-16,0.));
#1820 = ORIENTED_EDGE('',*,*,#1771,.F.);
#1821 = ORIENTED_EDGE('',*,*,#1822,.F.);
#1822 = EDGE_CURVE('',#1791,#1772,#1823,.T.);
#1823 = CIRCLE('',#1824,0.5);
#1824 = AXIS2_PLACEMENT_3D('',#1825,#1826,#1827);
#1825 = CARTESIAN_POINT('',(27.050088900178,142.87520955041,0.));
#1826 = DIRECTION('',(0.,0.,1.));
#1827 = DIRECTION('',(-1.,-1.110223024625E-16,0.));
#1828 = CYLINDRICAL_SURFACE('',#1829,0.5);
#1829 = AXIS2_PLACEMENT_3D('',#1830,#1831,#1832);
#1830 = CARTESIAN_POINT('',(27.050088900178,142.87520955041,0.));
#1831 = DIRECTION('',(-0.,-0.,-1.));
#1832 = DIRECTION('',(-1.,-1.110223024625E-16,0.));
#1833 = ADVANCED_FACE('',(#1834),#1870,.F.);
#1834 = FACE_BOUND('',#1835,.T.);
#1835 = EDGE_LOOP('',(#1836,#1846,#1855,#1863));
#1836 = ORIENTED_EDGE('',*,*,#1837,.T.);
#1837 = EDGE_CURVE('',#1838,#1840,#1842,.T.);
#1838 = VERTEX_POINT('',#1839);
#1839 = CARTESIAN_POINT('',(68.555346710693,36.702794005588,0.));
#1840 = VERTEX_POINT('',#1841);
#1841 = CARTESIAN_POINT('',(68.555346710693,36.702794005588,
    9.004318008636E-02));
#1842 = LINE('',#1843,#1844);
#1843 = CARTESIAN_POINT('',(68.555346710693,36.702794005588,0.));
#1844 = VECTOR('',#1845,1.);
#1845 = DIRECTION('',(0.,0.,1.));
#1846 = ORIENTED_EDGE('',*,*,#1847,.T.);
#1847 = EDGE_CURVE('',#1840,#1848,#1850,.T.);
#1848 = VERTEX_POINT('',#1849);
#1849 = CARTESIAN_POINT('',(65.555346710693,36.702794005588,
    9.004318008636E-02));
#1850 = CIRCLE('',#1851,1.5);
#1851 = AXIS2_PLACEMENT_3D('',#1852,#1853,#1854);
#1852 = CARTESIAN_POINT('',(67.055346710693,36.702794005588,
    9.004318008636E-02));
#1853 = DIRECTION('',(0.,0.,1.));
#1854 = DIRECTION('',(1.,1.110223024625E-16,-0.));
#1855 = ORIENTED_EDGE('',*,*,#1856,.F.);
#1856 = EDGE_CURVE('',#1857,#1848,#1859,.T.);
#1857 = VERTEX_POINT('',#1858);
#1858 = CARTESIAN_POINT('',(65.555346710693,36.702794005588,0.));
#1859 = LINE('',#1860,#1861);
#1860 = CARTESIAN_POINT('',(65.555346710693,36.702794005588,0.));
#1861 = VECTOR('',#1862,1.);
#1862 = DIRECTION('',(0.,0.,1.));
#1863 = ORIENTED_EDGE('',*,*,#1864,.F.);
#1864 = EDGE_CURVE('',#1838,#1857,#1865,.T.);
#1865 = CIRCLE('',#1866,1.5);
#1866 = AXIS2_PLACEMENT_3D('',#1867,#1868,#1869);
#1867 = CARTESIAN_POINT('',(67.055346710693,36.702794005588,0.));
#1868 = DIRECTION('',(0.,0.,1.));
#1869 = DIRECTION('',(1.,1.110223024625E-16,-0.));
#1870 = CYLINDRICAL_SURFACE('',#1871,1.5);
#1871 = AXIS2_PLACEMENT_3D('',#1872,#1873,#1874);
#1872 = CARTESIAN_POINT('',(67.055346710693,36.702794005588,0.));
#1873 = DIRECTION('',(-0.,-0.,-1.));
#1874 = DIRECTION('',(1.,1.110223024625E-16,-0.));
#1875 = ADVANCED_FACE('',(#1876),#1894,.F.);
#1876 = FACE_BOUND('',#1877,.T.);
#1877 = EDGE_LOOP('',(#1878,#1879,#1886,#1887));
#1878 = ORIENTED_EDGE('',*,*,#1856,.T.);
#1879 = ORIENTED_EDGE('',*,*,#1880,.T.);
#1880 = EDGE_CURVE('',#1848,#1840,#1881,.T.);
#1881 = CIRCLE('',#1882,1.5);
#1882 = AXIS2_PLACEMENT_3D('',#1883,#1884,#1885);
#1883 = CARTESIAN_POINT('',(67.055346710693,36.702794005588,
    9.004318008636E-02));
#1884 = DIRECTION('',(0.,0.,1.));
#1885 = DIRECTION('',(-1.,-1.110223024625E-16,0.));
#1886 = ORIENTED_EDGE('',*,*,#1837,.F.);
#1887 = ORIENTED_EDGE('',*,*,#1888,.F.);
#1888 = EDGE_CURVE('',#1857,#1838,#1889,.T.);
#1889 = CIRCLE('',#1890,1.5);
#1890 = AXIS2_PLACEMENT_3D('',#1891,#1892,#1893);
#1891 = CARTESIAN_POINT('',(67.055346710693,36.702794005588,0.));
#1892 = DIRECTION('',(0.,0.,1.));
#1893 = DIRECTION('',(-1.,-1.110223024625E-16,0.));
#1894 = CYLINDRICAL_SURFACE('',#1895,1.5);
#1895 = AXIS2_PLACEMENT_3D('',#1896,#1897,#1898);
#1896 = CARTESIAN_POINT('',(67.055346710693,36.702794005588,0.));
#1897 = DIRECTION('',(-0.,-0.,-1.));
#1898 = DIRECTION('',(-1.,-1.110223024625E-16,0.));
#1899 = ADVANCED_FACE('',(#1900),#1936,.F.);
#1900 = FACE_BOUND('',#1901,.T.);
#1901 = EDGE_LOOP('',(#1902,#1912,#1921,#1929));
#1902 = ORIENTED_EDGE('',*,*,#1903,.T.);
#1903 = EDGE_CURVE('',#1904,#1906,#1908,.T.);
#1904 = VERTEX_POINT('',#1905);
#1905 = CARTESIAN_POINT('',(68.555448310897,136.70297180594,0.));
#1906 = VERTEX_POINT('',#1907);
#1907 = CARTESIAN_POINT('',(68.555448310897,136.70297180594,
    9.004318008636E-02));
#1908 = LINE('',#1909,#1910);
#1909 = CARTESIAN_POINT('',(68.555448310897,136.70297180594,0.));
#1910 = VECTOR('',#1911,1.);
#1911 = DIRECTION('',(0.,0.,1.));
#1912 = ORIENTED_EDGE('',*,*,#1913,.T.);
#1913 = EDGE_CURVE('',#1906,#1914,#1916,.T.);
#1914 = VERTEX_POINT('',#1915);
#1915 = CARTESIAN_POINT('',(65.555448310897,136.70297180594,
    9.004318008636E-02));
#1916 = CIRCLE('',#1917,1.5);
#1917 = AXIS2_PLACEMENT_3D('',#1918,#1919,#1920);
#1918 = CARTESIAN_POINT('',(67.055448310897,136.70297180594,
    9.004318008636E-02));
#1919 = DIRECTION('',(0.,0.,1.));
#1920 = DIRECTION('',(1.,1.110223024625E-16,-0.));
#1921 = ORIENTED_EDGE('',*,*,#1922,.F.);
#1922 = EDGE_CURVE('',#1923,#1914,#1925,.T.);
#1923 = VERTEX_POINT('',#1924);
#1924 = CARTESIAN_POINT('',(65.555448310897,136.70297180594,0.));
#1925 = LINE('',#1926,#1927);
#1926 = CARTESIAN_POINT('',(65.555448310897,136.70297180594,0.));
#1927 = VECTOR('',#1928,1.);
#1928 = DIRECTION('',(0.,0.,1.));
#1929 = ORIENTED_EDGE('',*,*,#1930,.F.);
#1930 = EDGE_CURVE('',#1904,#1923,#1931,.T.);
#1931 = CIRCLE('',#1932,1.5);
#1932 = AXIS2_PLACEMENT_3D('',#1933,#1934,#1935);
#1933 = CARTESIAN_POINT('',(67.055448310897,136.70297180594,0.));
#1934 = DIRECTION('',(0.,0.,1.));
#1935 = DIRECTION('',(1.,1.110223024625E-16,-0.));
#1936 = CYLINDRICAL_SURFACE('',#1937,1.5);
#1937 = AXIS2_PLACEMENT_3D('',#1938,#1939,#1940);
#1938 = CARTESIAN_POINT('',(67.055448310897,136.70297180594,0.));
#1939 = DIRECTION('',(-0.,-0.,-1.));
#1940 = DIRECTION('',(1.,1.110223024625E-16,-0.));
#1941 = ADVANCED_FACE('',(#1942),#1960,.F.);
#1942 = FACE_BOUND('',#1943,.T.);
#1943 = EDGE_LOOP('',(#1944,#1945,#1952,#1953));
#1944 = ORIENTED_EDGE('',*,*,#1922,.T.);
#1945 = ORIENTED_EDGE('',*,*,#1946,.T.);
#1946 = EDGE_CURVE('',#1914,#1906,#1947,.T.);
#1947 = CIRCLE('',#1948,1.5);
#1948 = AXIS2_PLACEMENT_3D('',#1949,#1950,#1951);
#1949 = CARTESIAN_POINT('',(67.055448310897,136.70297180594,
    9.004318008636E-02));
#1950 = DIRECTION('',(0.,0.,1.));
#1951 = DIRECTION('',(-1.,-1.110223024625E-16,0.));
#1952 = ORIENTED_EDGE('',*,*,#1903,.F.);
#1953 = ORIENTED_EDGE('',*,*,#1954,.F.);
#1954 = EDGE_CURVE('',#1923,#1904,#1955,.T.);
#1955 = CIRCLE('',#1956,1.5);
#1956 = AXIS2_PLACEMENT_3D('',#1957,#1958,#1959);
#1957 = CARTESIAN_POINT('',(67.055448310897,136.70297180594,0.));
#1958 = DIRECTION('',(0.,0.,1.));
#1959 = DIRECTION('',(-1.,-1.110223024625E-16,0.));
#1960 = CYLINDRICAL_SURFACE('',#1961,1.5);
#1961 = AXIS2_PLACEMENT_3D('',#1962,#1963,#1964);
#1962 = CARTESIAN_POINT('',(67.055448310897,136.70297180594,0.));
#1963 = DIRECTION('',(-0.,-0.,-1.));
#1964 = DIRECTION('',(-1.,-1.110223024625E-16,0.));
#1965 = ADVANCED_FACE('',(#1966),#2002,.F.);
#1966 = FACE_BOUND('',#1967,.T.);
#1967 = EDGE_LOOP('',(#1968,#1978,#1987,#1995));
#1968 = ORIENTED_EDGE('',*,*,#1969,.T.);
#1969 = EDGE_CURVE('',#1970,#1972,#1974,.T.);
#1970 = VERTEX_POINT('',#1971);
#1971 = CARTESIAN_POINT('',(67.750012700025,103.251003302,0.));
#1972 = VERTEX_POINT('',#1973);
#1973 = CARTESIAN_POINT('',(67.750012700025,103.251003302,
    9.004318008636E-02));
#1974 = LINE('',#1975,#1976);
#1975 = CARTESIAN_POINT('',(67.750012700025,103.251003302,0.));
#1976 = VECTOR('',#1977,1.);
#1977 = DIRECTION('',(0.,0.,1.));
#1978 = ORIENTED_EDGE('',*,*,#1979,.T.);
#1979 = EDGE_CURVE('',#1972,#1980,#1982,.T.);
#1980 = VERTEX_POINT('',#1981);
#1981 = CARTESIAN_POINT('',(66.750012700025,103.251003302,
    9.004318008636E-02));
#1982 = CIRCLE('',#1983,0.5);
#1983 = AXIS2_PLACEMENT_3D('',#1984,#1985,#1986);
#1984 = CARTESIAN_POINT('',(67.250012700025,103.251003302,
    9.004318008636E-02));
#1985 = DIRECTION('',(0.,0.,1.));
#1986 = DIRECTION('',(1.,1.110223024625E-16,-0.));
#1987 = ORIENTED_EDGE('',*,*,#1988,.F.);
#1988 = EDGE_CURVE('',#1989,#1980,#1991,.T.);
#1989 = VERTEX_POINT('',#1990);
#1990 = CARTESIAN_POINT('',(66.750012700025,103.251003302,0.));
#1991 = LINE('',#1992,#1993);
#1992 = CARTESIAN_POINT('',(66.750012700025,103.251003302,0.));
#1993 = VECTOR('',#1994,1.);
#1994 = DIRECTION('',(0.,0.,1.));
#1995 = ORIENTED_EDGE('',*,*,#1996,.F.);
#1996 = EDGE_CURVE('',#1970,#1989,#1997,.T.);
#1997 = CIRCLE('',#1998,0.5);
#1998 = AXIS2_PLACEMENT_3D('',#1999,#2000,#2001);
#1999 = CARTESIAN_POINT('',(67.250012700025,103.251003302,0.));
#2000 = DIRECTION('',(0.,0.,1.));
#2001 = DIRECTION('',(1.,1.110223024625E-16,-0.));
#2002 = CYLINDRICAL_SURFACE('',#2003,0.5);
#2003 = AXIS2_PLACEMENT_3D('',#2004,#2005,#2006);
#2004 = CARTESIAN_POINT('',(67.250012700025,103.251003302,0.));
#2005 = DIRECTION('',(-0.,-0.,-1.));
#2006 = DIRECTION('',(1.,1.110223024625E-16,-0.));
#2007 = ADVANCED_FACE('',(#2008),#2026,.F.);
#2008 = FACE_BOUND('',#2009,.T.);
#2009 = EDGE_LOOP('',(#2010,#2011,#2018,#2019));
#2010 = ORIENTED_EDGE('',*,*,#1988,.T.);
#2011 = ORIENTED_EDGE('',*,*,#2012,.T.);
#2012 = EDGE_CURVE('',#1980,#1972,#2013,.T.);
#2013 = CIRCLE('',#2014,0.5);
#2014 = AXIS2_PLACEMENT_3D('',#2015,#2016,#2017);
#2015 = CARTESIAN_POINT('',(67.250012700025,103.251003302,
    9.004318008636E-02));
#2016 = DIRECTION('',(0.,0.,1.));
#2017 = DIRECTION('',(-1.,-1.110223024625E-16,0.));
#2018 = ORIENTED_EDGE('',*,*,#1969,.F.);
#2019 = ORIENTED_EDGE('',*,*,#2020,.F.);
#2020 = EDGE_CURVE('',#1989,#1970,#2021,.T.);
#2021 = CIRCLE('',#2022,0.5);
#2022 = AXIS2_PLACEMENT_3D('',#2023,#2024,#2025);
#2023 = CARTESIAN_POINT('',(67.250012700025,103.251003302,0.));
#2024 = DIRECTION('',(0.,0.,1.));
#2025 = DIRECTION('',(-1.,-1.110223024625E-16,0.));
#2026 = CYLINDRICAL_SURFACE('',#2027,0.5);
#2027 = AXIS2_PLACEMENT_3D('',#2028,#2029,#2030);
#2028 = CARTESIAN_POINT('',(67.250012700025,103.251003302,0.));
#2029 = DIRECTION('',(-0.,-0.,-1.));
#2030 = DIRECTION('',(-1.,-1.110223024625E-16,0.));
#2031 = ADVANCED_FACE('',(#2032),#2068,.F.);
#2032 = FACE_BOUND('',#2033,.T.);
#2033 = EDGE_LOOP('',(#2034,#2044,#2053,#2061));
#2034 = ORIENTED_EDGE('',*,*,#2035,.T.);
#2035 = EDGE_CURVE('',#2036,#2038,#2040,.T.);
#2036 = VERTEX_POINT('',#2037);
#2037 = CARTESIAN_POINT('',(67.750012700025,100.651003302,0.));
#2038 = VERTEX_POINT('',#2039);
#2039 = CARTESIAN_POINT('',(67.750012700025,100.651003302,
    9.004318008636E-02));
#2040 = LINE('',#2041,#2042);
#2041 = CARTESIAN_POINT('',(67.750012700025,100.651003302,0.));
#2042 = VECTOR('',#2043,1.);
#2043 = DIRECTION('',(0.,0.,1.));
#2044 = ORIENTED_EDGE('',*,*,#2045,.T.);
#2045 = EDGE_CURVE('',#2038,#2046,#2048,.T.);
#2046 = VERTEX_POINT('',#2047);
#2047 = CARTESIAN_POINT('',(66.750012700025,100.651003302,
    9.004318008636E-02));
#2048 = CIRCLE('',#2049,0.5);
#2049 = AXIS2_PLACEMENT_3D('',#2050,#2051,#2052);
#2050 = CARTESIAN_POINT('',(67.250012700025,100.651003302,
    9.004318008636E-02));
#2051 = DIRECTION('',(0.,0.,1.));
#2052 = DIRECTION('',(1.,1.110223024625E-16,-0.));
#2053 = ORIENTED_EDGE('',*,*,#2054,.F.);
#2054 = EDGE_CURVE('',#2055,#2046,#2057,.T.);
#2055 = VERTEX_POINT('',#2056);
#2056 = CARTESIAN_POINT('',(66.750012700025,100.651003302,0.));
#2057 = LINE('',#2058,#2059);
#2058 = CARTESIAN_POINT('',(66.750012700025,100.651003302,0.));
#2059 = VECTOR('',#2060,1.);
#2060 = DIRECTION('',(0.,0.,1.));
#2061 = ORIENTED_EDGE('',*,*,#2062,.F.);
#2062 = EDGE_CURVE('',#2036,#2055,#2063,.T.);
#2063 = CIRCLE('',#2064,0.5);
#2064 = AXIS2_PLACEMENT_3D('',#2065,#2066,#2067);
#2065 = CARTESIAN_POINT('',(67.250012700025,100.651003302,0.));
#2066 = DIRECTION('',(0.,0.,1.));
#2067 = DIRECTION('',(1.,1.110223024625E-16,-0.));
#2068 = CYLINDRICAL_SURFACE('',#2069,0.5);
#2069 = AXIS2_PLACEMENT_3D('',#2070,#2071,#2072);
#2070 = CARTESIAN_POINT('',(67.250012700025,100.651003302,0.));
#2071 = DIRECTION('',(-0.,-0.,-1.));
#2072 = DIRECTION('',(1.,1.110223024625E-16,-0.));
#2073 = ADVANCED_FACE('',(#2074),#2092,.F.);
#2074 = FACE_BOUND('',#2075,.T.);
#2075 = EDGE_LOOP('',(#2076,#2077,#2084,#2085));
#2076 = ORIENTED_EDGE('',*,*,#2054,.T.);
#2077 = ORIENTED_EDGE('',*,*,#2078,.T.);
#2078 = EDGE_CURVE('',#2046,#2038,#2079,.T.);
#2079 = CIRCLE('',#2080,0.5);
#2080 = AXIS2_PLACEMENT_3D('',#2081,#2082,#2083);
#2081 = CARTESIAN_POINT('',(67.250012700025,100.651003302,
    9.004318008636E-02));
#2082 = DIRECTION('',(0.,0.,1.));
#2083 = DIRECTION('',(-1.,-1.110223024625E-16,0.));
#2084 = ORIENTED_EDGE('',*,*,#2035,.F.);
#2085 = ORIENTED_EDGE('',*,*,#2086,.F.);
#2086 = EDGE_CURVE('',#2055,#2036,#2087,.T.);
#2087 = CIRCLE('',#2088,0.5);
#2088 = AXIS2_PLACEMENT_3D('',#2089,#2090,#2091);
#2089 = CARTESIAN_POINT('',(67.250012700025,100.651003302,0.));
#2090 = DIRECTION('',(0.,0.,1.));
#2091 = DIRECTION('',(-1.,-1.110223024625E-16,0.));
#2092 = CYLINDRICAL_SURFACE('',#2093,0.5);
#2093 = AXIS2_PLACEMENT_3D('',#2094,#2095,#2096);
#2094 = CARTESIAN_POINT('',(67.250012700025,100.651003302,0.));
#2095 = DIRECTION('',(-0.,-0.,-1.));
#2096 = DIRECTION('',(-1.,-1.110223024625E-16,0.));
#2097 = ADVANCED_FACE('',(#2098),#2134,.F.);
#2098 = FACE_BOUND('',#2099,.T.);
#2099 = EDGE_LOOP('',(#2100,#2110,#2119,#2127));
#2100 = ORIENTED_EDGE('',*,*,#2101,.T.);
#2101 = EDGE_CURVE('',#2102,#2104,#2106,.T.);
#2102 = VERTEX_POINT('',#2103);
#2103 = CARTESIAN_POINT('',(70.350012700025,103.251003302,0.));
#2104 = VERTEX_POINT('',#2105);
#2105 = CARTESIAN_POINT('',(70.350012700025,103.251003302,
    9.004318008636E-02));
#2106 = LINE('',#2107,#2108);
#2107 = CARTESIAN_POINT('',(70.350012700025,103.251003302,0.));
#2108 = VECTOR('',#2109,1.);
#2109 = DIRECTION('',(0.,0.,1.));
#2110 = ORIENTED_EDGE('',*,*,#2111,.T.);
#2111 = EDGE_CURVE('',#2104,#2112,#2114,.T.);
#2112 = VERTEX_POINT('',#2113);
#2113 = CARTESIAN_POINT('',(69.350012700025,103.251003302,
    9.004318008636E-02));
#2114 = CIRCLE('',#2115,0.5);
#2115 = AXIS2_PLACEMENT_3D('',#2116,#2117,#2118);
#2116 = CARTESIAN_POINT('',(69.850012700025,103.251003302,
    9.004318008636E-02));
#2117 = DIRECTION('',(0.,0.,1.));
#2118 = DIRECTION('',(1.,1.110223024625E-16,-0.));
#2119 = ORIENTED_EDGE('',*,*,#2120,.F.);
#2120 = EDGE_CURVE('',#2121,#2112,#2123,.T.);
#2121 = VERTEX_POINT('',#2122);
#2122 = CARTESIAN_POINT('',(69.350012700025,103.251003302,0.));
#2123 = LINE('',#2124,#2125);
#2124 = CARTESIAN_POINT('',(69.350012700025,103.251003302,0.));
#2125 = VECTOR('',#2126,1.);
#2126 = DIRECTION('',(0.,0.,1.));
#2127 = ORIENTED_EDGE('',*,*,#2128,.F.);
#2128 = EDGE_CURVE('',#2102,#2121,#2129,.T.);
#2129 = CIRCLE('',#2130,0.5);
#2130 = AXIS2_PLACEMENT_3D('',#2131,#2132,#2133);
#2131 = CARTESIAN_POINT('',(69.850012700025,103.251003302,0.));
#2132 = DIRECTION('',(0.,0.,1.));
#2133 = DIRECTION('',(1.,1.110223024625E-16,-0.));
#2134 = CYLINDRICAL_SURFACE('',#2135,0.5);
#2135 = AXIS2_PLACEMENT_3D('',#2136,#2137,#2138);
#2136 = CARTESIAN_POINT('',(69.850012700025,103.251003302,0.));
#2137 = DIRECTION('',(-0.,-0.,-1.));
#2138 = DIRECTION('',(1.,1.110223024625E-16,-0.));
#2139 = ADVANCED_FACE('',(#2140),#2158,.F.);
#2140 = FACE_BOUND('',#2141,.T.);
#2141 = EDGE_LOOP('',(#2142,#2143,#2150,#2151));
#2142 = ORIENTED_EDGE('',*,*,#2120,.T.);
#2143 = ORIENTED_EDGE('',*,*,#2144,.T.);
#2144 = EDGE_CURVE('',#2112,#2104,#2145,.T.);
#2145 = CIRCLE('',#2146,0.5);
#2146 = AXIS2_PLACEMENT_3D('',#2147,#2148,#2149);
#2147 = CARTESIAN_POINT('',(69.850012700025,103.251003302,
    9.004318008636E-02));
#2148 = DIRECTION('',(0.,0.,1.));
#2149 = DIRECTION('',(-1.,-1.110223024625E-16,0.));
#2150 = ORIENTED_EDGE('',*,*,#2101,.F.);
#2151 = ORIENTED_EDGE('',*,*,#2152,.F.);
#2152 = EDGE_CURVE('',#2121,#2102,#2153,.T.);
#2153 = CIRCLE('',#2154,0.5);
#2154 = AXIS2_PLACEMENT_3D('',#2155,#2156,#2157);
#2155 = CARTESIAN_POINT('',(69.850012700025,103.251003302,0.));
#2156 = DIRECTION('',(0.,0.,1.));
#2157 = DIRECTION('',(-1.,-1.110223024625E-16,0.));
#2158 = CYLINDRICAL_SURFACE('',#2159,0.5);
#2159 = AXIS2_PLACEMENT_3D('',#2160,#2161,#2162);
#2160 = CARTESIAN_POINT('',(69.850012700025,103.251003302,0.));
#2161 = DIRECTION('',(-0.,-0.,-1.));
#2162 = DIRECTION('',(-1.,-1.110223024625E-16,0.));
#2163 = ADVANCED_FACE('',(#2164),#2200,.F.);
#2164 = FACE_BOUND('',#2165,.T.);
#2165 = EDGE_LOOP('',(#2166,#2176,#2185,#2193));
#2166 = ORIENTED_EDGE('',*,*,#2167,.T.);
#2167 = EDGE_CURVE('',#2168,#2170,#2172,.T.);
#2168 = VERTEX_POINT('',#2169);
#2169 = CARTESIAN_POINT('',(72.950012700025,103.251003302,0.));
#2170 = VERTEX_POINT('',#2171);
#2171 = CARTESIAN_POINT('',(72.950012700025,103.251003302,
    9.004318008636E-02));
#2172 = LINE('',#2173,#2174);
#2173 = CARTESIAN_POINT('',(72.950012700025,103.251003302,0.));
#2174 = VECTOR('',#2175,1.);
#2175 = DIRECTION('',(0.,0.,1.));
#2176 = ORIENTED_EDGE('',*,*,#2177,.T.);
#2177 = EDGE_CURVE('',#2170,#2178,#2180,.T.);
#2178 = VERTEX_POINT('',#2179);
#2179 = CARTESIAN_POINT('',(71.950012700025,103.251003302,
    9.004318008636E-02));
#2180 = CIRCLE('',#2181,0.5);
#2181 = AXIS2_PLACEMENT_3D('',#2182,#2183,#2184);
#2182 = CARTESIAN_POINT('',(72.450012700025,103.251003302,
    9.004318008636E-02));
#2183 = DIRECTION('',(0.,0.,1.));
#2184 = DIRECTION('',(1.,1.110223024625E-16,-0.));
#2185 = ORIENTED_EDGE('',*,*,#2186,.F.);
#2186 = EDGE_CURVE('',#2187,#2178,#2189,.T.);
#2187 = VERTEX_POINT('',#2188);
#2188 = CARTESIAN_POINT('',(71.950012700025,103.251003302,0.));
#2189 = LINE('',#2190,#2191);
#2190 = CARTESIAN_POINT('',(71.950012700025,103.251003302,0.));
#2191 = VECTOR('',#2192,1.);
#2192 = DIRECTION('',(0.,0.,1.));
#2193 = ORIENTED_EDGE('',*,*,#2194,.F.);
#2194 = EDGE_CURVE('',#2168,#2187,#2195,.T.);
#2195 = CIRCLE('',#2196,0.5);
#2196 = AXIS2_PLACEMENT_3D('',#2197,#2198,#2199);
#2197 = CARTESIAN_POINT('',(72.450012700025,103.251003302,0.));
#2198 = DIRECTION('',(0.,0.,1.));
#2199 = DIRECTION('',(1.,1.110223024625E-16,-0.));
#2200 = CYLINDRICAL_SURFACE('',#2201,0.5);
#2201 = AXIS2_PLACEMENT_3D('',#2202,#2203,#2204);
#2202 = CARTESIAN_POINT('',(72.450012700025,103.251003302,0.));
#2203 = DIRECTION('',(-0.,-0.,-1.));
#2204 = DIRECTION('',(1.,1.110223024625E-16,-0.));
#2205 = ADVANCED_FACE('',(#2206),#2224,.F.);
#2206 = FACE_BOUND('',#2207,.T.);
#2207 = EDGE_LOOP('',(#2208,#2209,#2216,#2217));
#2208 = ORIENTED_EDGE('',*,*,#2186,.T.);
#2209 = ORIENTED_EDGE('',*,*,#2210,.T.);
#2210 = EDGE_CURVE('',#2178,#2170,#2211,.T.);
#2211 = CIRCLE('',#2212,0.5);
#2212 = AXIS2_PLACEMENT_3D('',#2213,#2214,#2215);
#2213 = CARTESIAN_POINT('',(72.450012700025,103.251003302,
    9.004318008636E-02));
#2214 = DIRECTION('',(0.,0.,1.));
#2215 = DIRECTION('',(-1.,-1.110223024625E-16,0.));
#2216 = ORIENTED_EDGE('',*,*,#2167,.F.);
#2217 = ORIENTED_EDGE('',*,*,#2218,.F.);
#2218 = EDGE_CURVE('',#2187,#2168,#2219,.T.);
#2219 = CIRCLE('',#2220,0.5);
#2220 = AXIS2_PLACEMENT_3D('',#2221,#2222,#2223);
#2221 = CARTESIAN_POINT('',(72.450012700025,103.251003302,0.));
#2222 = DIRECTION('',(0.,0.,1.));
#2223 = DIRECTION('',(-1.,-1.110223024625E-16,0.));
#2224 = CYLINDRICAL_SURFACE('',#2225,0.5);
#2225 = AXIS2_PLACEMENT_3D('',#2226,#2227,#2228);
#2226 = CARTESIAN_POINT('',(72.450012700025,103.251003302,0.));
#2227 = DIRECTION('',(-0.,-0.,-1.));
#2228 = DIRECTION('',(-1.,-1.110223024625E-16,0.));
#2229 = ADVANCED_FACE('',(#2230),#2266,.F.);
#2230 = FACE_BOUND('',#2231,.T.);
#2231 = EDGE_LOOP('',(#2232,#2242,#2251,#2259));
#2232 = ORIENTED_EDGE('',*,*,#2233,.T.);
#2233 = EDGE_CURVE('',#2234,#2236,#2238,.T.);
#2234 = VERTEX_POINT('',#2235);
#2235 = CARTESIAN_POINT('',(72.950012700025,100.651003302,0.));
#2236 = VERTEX_POINT('',#2237);
#2237 = CARTESIAN_POINT('',(72.950012700025,100.651003302,
    9.004318008636E-02));
#2238 = LINE('',#2239,#2240);
#2239 = CARTESIAN_POINT('',(72.950012700025,100.651003302,0.));
#2240 = VECTOR('',#2241,1.);
#2241 = DIRECTION('',(0.,0.,1.));
#2242 = ORIENTED_EDGE('',*,*,#2243,.T.);
#2243 = EDGE_CURVE('',#2236,#2244,#2246,.T.);
#2244 = VERTEX_POINT('',#2245);
#2245 = CARTESIAN_POINT('',(71.950012700025,100.651003302,
    9.004318008636E-02));
#2246 = CIRCLE('',#2247,0.5);
#2247 = AXIS2_PLACEMENT_3D('',#2248,#2249,#2250);
#2248 = CARTESIAN_POINT('',(72.450012700025,100.651003302,
    9.004318008636E-02));
#2249 = DIRECTION('',(0.,0.,1.));
#2250 = DIRECTION('',(1.,1.110223024625E-16,-0.));
#2251 = ORIENTED_EDGE('',*,*,#2252,.F.);
#2252 = EDGE_CURVE('',#2253,#2244,#2255,.T.);
#2253 = VERTEX_POINT('',#2254);
#2254 = CARTESIAN_POINT('',(71.950012700025,100.651003302,0.));
#2255 = LINE('',#2256,#2257);
#2256 = CARTESIAN_POINT('',(71.950012700025,100.651003302,0.));
#2257 = VECTOR('',#2258,1.);
#2258 = DIRECTION('',(0.,0.,1.));
#2259 = ORIENTED_EDGE('',*,*,#2260,.F.);
#2260 = EDGE_CURVE('',#2234,#2253,#2261,.T.);
#2261 = CIRCLE('',#2262,0.5);
#2262 = AXIS2_PLACEMENT_3D('',#2263,#2264,#2265);
#2263 = CARTESIAN_POINT('',(72.450012700025,100.651003302,0.));
#2264 = DIRECTION('',(0.,0.,1.));
#2265 = DIRECTION('',(1.,1.110223024625E-16,-0.));
#2266 = CYLINDRICAL_SURFACE('',#2267,0.5);
#2267 = AXIS2_PLACEMENT_3D('',#2268,#2269,#2270);
#2268 = CARTESIAN_POINT('',(72.450012700025,100.651003302,0.));
#2269 = DIRECTION('',(-0.,-0.,-1.));
#2270 = DIRECTION('',(1.,1.110223024625E-16,-0.));
#2271 = ADVANCED_FACE('',(#2272),#2290,.F.);
#2272 = FACE_BOUND('',#2273,.T.);
#2273 = EDGE_LOOP('',(#2274,#2275,#2282,#2283));
#2274 = ORIENTED_EDGE('',*,*,#2252,.T.);
#2275 = ORIENTED_EDGE('',*,*,#2276,.T.);
#2276 = EDGE_CURVE('',#2244,#2236,#2277,.T.);
#2277 = CIRCLE('',#2278,0.5);
#2278 = AXIS2_PLACEMENT_3D('',#2279,#2280,#2281);
#2279 = CARTESIAN_POINT('',(72.450012700025,100.651003302,
    9.004318008636E-02));
#2280 = DIRECTION('',(0.,0.,1.));
#2281 = DIRECTION('',(-1.,-1.110223024625E-16,0.));
#2282 = ORIENTED_EDGE('',*,*,#2233,.F.);
#2283 = ORIENTED_EDGE('',*,*,#2284,.F.);
#2284 = EDGE_CURVE('',#2253,#2234,#2285,.T.);
#2285 = CIRCLE('',#2286,0.5);
#2286 = AXIS2_PLACEMENT_3D('',#2287,#2288,#2289);
#2287 = CARTESIAN_POINT('',(72.450012700025,100.651003302,0.));
#2288 = DIRECTION('',(0.,0.,1.));
#2289 = DIRECTION('',(-1.,-1.110223024625E-16,0.));
#2290 = CYLINDRICAL_SURFACE('',#2291,0.5);
#2291 = AXIS2_PLACEMENT_3D('',#2292,#2293,#2294);
#2292 = CARTESIAN_POINT('',(72.450012700025,100.651003302,0.));
#2293 = DIRECTION('',(-0.,-0.,-1.));
#2294 = DIRECTION('',(-1.,-1.110223024625E-16,0.));
#2295 = ADVANCED_FACE('',(#2296),#2332,.F.);
#2296 = FACE_BOUND('',#2297,.T.);
#2297 = EDGE_LOOP('',(#2298,#2308,#2317,#2325));
#2298 = ORIENTED_EDGE('',*,*,#2299,.T.);
#2299 = EDGE_CURVE('',#2300,#2302,#2304,.T.);
#2300 = VERTEX_POINT('',#2301);
#2301 = CARTESIAN_POINT('',(76.445847091694,30.861036322073,0.));
#2302 = VERTEX_POINT('',#2303);
#2303 = CARTESIAN_POINT('',(76.445847091694,30.861036322073,
    9.004318008636E-02));
#2304 = LINE('',#2305,#2306);
#2305 = CARTESIAN_POINT('',(76.445847091694,30.861036322073,0.));
#2306 = VECTOR('',#2307,1.);
#2307 = DIRECTION('',(0.,0.,1.));
#2308 = ORIENTED_EDGE('',*,*,#2309,.T.);
#2309 = EDGE_CURVE('',#2302,#2310,#2312,.T.);
#2310 = VERTEX_POINT('',#2311);
#2311 = CARTESIAN_POINT('',(75.445847091694,30.861036322073,
    9.004318008636E-02));
#2312 = CIRCLE('',#2313,0.5);
#2313 = AXIS2_PLACEMENT_3D('',#2314,#2315,#2316);
#2314 = CARTESIAN_POINT('',(75.945847091694,30.861036322073,
    9.004318008636E-02));
#2315 = DIRECTION('',(0.,0.,1.));
#2316 = DIRECTION('',(1.,1.110223024625E-16,-0.));
#2317 = ORIENTED_EDGE('',*,*,#2318,.F.);
#2318 = EDGE_CURVE('',#2319,#2310,#2321,.T.);
#2319 = VERTEX_POINT('',#2320);
#2320 = CARTESIAN_POINT('',(75.445847091694,30.861036322073,0.));
#2321 = LINE('',#2322,#2323);
#2322 = CARTESIAN_POINT('',(75.445847091694,30.861036322073,0.));
#2323 = VECTOR('',#2324,1.);
#2324 = DIRECTION('',(0.,0.,1.));
#2325 = ORIENTED_EDGE('',*,*,#2326,.F.);
#2326 = EDGE_CURVE('',#2300,#2319,#2327,.T.);
#2327 = CIRCLE('',#2328,0.5);
#2328 = AXIS2_PLACEMENT_3D('',#2329,#2330,#2331);
#2329 = CARTESIAN_POINT('',(75.945847091694,30.861036322073,0.));
#2330 = DIRECTION('',(0.,0.,1.));
#2331 = DIRECTION('',(1.,1.110223024625E-16,-0.));
#2332 = CYLINDRICAL_SURFACE('',#2333,0.5);
#2333 = AXIS2_PLACEMENT_3D('',#2334,#2335,#2336);
#2334 = CARTESIAN_POINT('',(75.945847091694,30.861036322073,0.));
#2335 = DIRECTION('',(-0.,-0.,-1.));
#2336 = DIRECTION('',(1.,1.110223024625E-16,-0.));
#2337 = ADVANCED_FACE('',(#2338),#2356,.F.);
#2338 = FACE_BOUND('',#2339,.T.);
#2339 = EDGE_LOOP('',(#2340,#2341,#2348,#2349));
#2340 = ORIENTED_EDGE('',*,*,#2318,.T.);
#2341 = ORIENTED_EDGE('',*,*,#2342,.T.);
#2342 = EDGE_CURVE('',#2310,#2302,#2343,.T.);
#2343 = CIRCLE('',#2344,0.5);
#2344 = AXIS2_PLACEMENT_3D('',#2345,#2346,#2347);
#2345 = CARTESIAN_POINT('',(75.945847091694,30.861036322073,
    9.004318008636E-02));
#2346 = DIRECTION('',(0.,0.,1.));
#2347 = DIRECTION('',(-1.,-1.110223024625E-16,0.));
#2348 = ORIENTED_EDGE('',*,*,#2299,.F.);
#2349 = ORIENTED_EDGE('',*,*,#2350,.F.);
#2350 = EDGE_CURVE('',#2319,#2300,#2351,.T.);
#2351 = CIRCLE('',#2352,0.5);
#2352 = AXIS2_PLACEMENT_3D('',#2353,#2354,#2355);
#2353 = CARTESIAN_POINT('',(75.945847091694,30.861036322073,0.));
#2354 = DIRECTION('',(0.,0.,1.));
#2355 = DIRECTION('',(-1.,-1.110223024625E-16,0.));
#2356 = CYLINDRICAL_SURFACE('',#2357,0.5);
#2357 = AXIS2_PLACEMENT_3D('',#2358,#2359,#2360);
#2358 = CARTESIAN_POINT('',(75.945847091694,30.861036322073,0.));
#2359 = DIRECTION('',(-0.,-0.,-1.));
#2360 = DIRECTION('',(-1.,-1.110223024625E-16,0.));
#2361 = ADVANCED_FACE('',(#2362),#2398,.F.);
#2362 = FACE_BOUND('',#2363,.T.);
#2363 = EDGE_LOOP('',(#2364,#2374,#2383,#2391));
#2364 = ORIENTED_EDGE('',*,*,#2365,.T.);
#2365 = EDGE_CURVE('',#2366,#2368,#2370,.T.);
#2366 = VERTEX_POINT('',#2367);
#2367 = CARTESIAN_POINT('',(78.985852171704,30.861036322073,0.));
#2368 = VERTEX_POINT('',#2369);
#2369 = CARTESIAN_POINT('',(78.985852171704,30.861036322073,
    9.004318008636E-02));
#2370 = LINE('',#2371,#2372);
#2371 = CARTESIAN_POINT('',(78.985852171704,30.861036322073,0.));
#2372 = VECTOR('',#2373,1.);
#2373 = DIRECTION('',(0.,0.,1.));
#2374 = ORIENTED_EDGE('',*,*,#2375,.T.);
#2375 = EDGE_CURVE('',#2368,#2376,#2378,.T.);
#2376 = VERTEX_POINT('',#2377);
#2377 = CARTESIAN_POINT('',(77.985852171704,30.861036322073,
    9.004318008636E-02));
#2378 = CIRCLE('',#2379,0.5);
#2379 = AXIS2_PLACEMENT_3D('',#2380,#2381,#2382);
#2380 = CARTESIAN_POINT('',(78.485852171704,30.861036322073,
    9.004318008636E-02));
#2381 = DIRECTION('',(0.,0.,1.));
#2382 = DIRECTION('',(1.,1.110223024625E-16,-0.));
#2383 = ORIENTED_EDGE('',*,*,#2384,.F.);
#2384 = EDGE_CURVE('',#2385,#2376,#2387,.T.);
#2385 = VERTEX_POINT('',#2386);
#2386 = CARTESIAN_POINT('',(77.985852171704,30.861036322073,0.));
#2387 = LINE('',#2388,#2389);
#2388 = CARTESIAN_POINT('',(77.985852171704,30.861036322073,0.));
#2389 = VECTOR('',#2390,1.);
#2390 = DIRECTION('',(0.,0.,1.));
#2391 = ORIENTED_EDGE('',*,*,#2392,.F.);
#2392 = EDGE_CURVE('',#2366,#2385,#2393,.T.);
#2393 = CIRCLE('',#2394,0.5);
#2394 = AXIS2_PLACEMENT_3D('',#2395,#2396,#2397);
#2395 = CARTESIAN_POINT('',(78.485852171704,30.861036322073,0.));
#2396 = DIRECTION('',(0.,0.,1.));
#2397 = DIRECTION('',(1.,1.110223024625E-16,-0.));
#2398 = CYLINDRICAL_SURFACE('',#2399,0.5);
#2399 = AXIS2_PLACEMENT_3D('',#2400,#2401,#2402);
#2400 = CARTESIAN_POINT('',(78.485852171704,30.861036322073,0.));
#2401 = DIRECTION('',(-0.,-0.,-1.));
#2402 = DIRECTION('',(1.,1.110223024625E-16,-0.));
#2403 = ADVANCED_FACE('',(#2404),#2422,.F.);
#2404 = FACE_BOUND('',#2405,.T.);
#2405 = EDGE_LOOP('',(#2406,#2407,#2414,#2415));
#2406 = ORIENTED_EDGE('',*,*,#2384,.T.);
#2407 = ORIENTED_EDGE('',*,*,#2408,.T.);
#2408 = EDGE_CURVE('',#2376,#2368,#2409,.T.);
#2409 = CIRCLE('',#2410,0.5);
#2410 = AXIS2_PLACEMENT_3D('',#2411,#2412,#2413);
#2411 = CARTESIAN_POINT('',(78.485852171704,30.861036322073,
    9.004318008636E-02));
#2412 = DIRECTION('',(0.,0.,1.));
#2413 = DIRECTION('',(-1.,-1.110223024625E-16,0.));
#2414 = ORIENTED_EDGE('',*,*,#2365,.F.);
#2415 = ORIENTED_EDGE('',*,*,#2416,.F.);
#2416 = EDGE_CURVE('',#2385,#2366,#2417,.T.);
#2417 = CIRCLE('',#2418,0.5);
#2418 = AXIS2_PLACEMENT_3D('',#2419,#2420,#2421);
#2419 = CARTESIAN_POINT('',(78.485852171704,30.861036322073,0.));
#2420 = DIRECTION('',(0.,0.,1.));
#2421 = DIRECTION('',(-1.,-1.110223024625E-16,0.));
#2422 = CYLINDRICAL_SURFACE('',#2423,0.5);
#2423 = AXIS2_PLACEMENT_3D('',#2424,#2425,#2426);
#2424 = CARTESIAN_POINT('',(78.485852171704,30.861036322073,0.));
#2425 = DIRECTION('',(-0.,-0.,-1.));
#2426 = DIRECTION('',(-1.,-1.110223024625E-16,0.));
#2427 = ADVANCED_FACE('',(#2428),#2464,.F.);
#2428 = FACE_BOUND('',#2429,.T.);
#2429 = EDGE_LOOP('',(#2430,#2440,#2449,#2457));
#2430 = ORIENTED_EDGE('',*,*,#2431,.T.);
#2431 = EDGE_CURVE('',#2432,#2434,#2436,.T.);
#2432 = VERTEX_POINT('',#2433);
#2433 = CARTESIAN_POINT('',(81.525857251714,30.860782321565,0.));
#2434 = VERTEX_POINT('',#2435);
#2435 = CARTESIAN_POINT('',(81.525857251714,30.860782321565,
    9.004318008636E-02));
#2436 = LINE('',#2437,#2438);
#2437 = CARTESIAN_POINT('',(81.525857251714,30.860782321565,0.));
#2438 = VECTOR('',#2439,1.);
#2439 = DIRECTION('',(0.,0.,1.));
#2440 = ORIENTED_EDGE('',*,*,#2441,.T.);
#2441 = EDGE_CURVE('',#2434,#2442,#2444,.T.);
#2442 = VERTEX_POINT('',#2443);
#2443 = CARTESIAN_POINT('',(80.525857251714,30.860782321565,
    9.004318008636E-02));
#2444 = CIRCLE('',#2445,0.5);
#2445 = AXIS2_PLACEMENT_3D('',#2446,#2447,#2448);
#2446 = CARTESIAN_POINT('',(81.025857251714,30.860782321565,
    9.004318008636E-02));
#2447 = DIRECTION('',(0.,0.,1.));
#2448 = DIRECTION('',(1.,1.110223024625E-16,-0.));
#2449 = ORIENTED_EDGE('',*,*,#2450,.F.);
#2450 = EDGE_CURVE('',#2451,#2442,#2453,.T.);
#2451 = VERTEX_POINT('',#2452);
#2452 = CARTESIAN_POINT('',(80.525857251714,30.860782321565,0.));
#2453 = LINE('',#2454,#2455);
#2454 = CARTESIAN_POINT('',(80.525857251714,30.860782321565,0.));
#2455 = VECTOR('',#2456,1.);
#2456 = DIRECTION('',(0.,0.,1.));
#2457 = ORIENTED_EDGE('',*,*,#2458,.F.);
#2458 = EDGE_CURVE('',#2432,#2451,#2459,.T.);
#2459 = CIRCLE('',#2460,0.5);
#2460 = AXIS2_PLACEMENT_3D('',#2461,#2462,#2463);
#2461 = CARTESIAN_POINT('',(81.025857251714,30.860782321565,0.));
#2462 = DIRECTION('',(0.,0.,1.));
#2463 = DIRECTION('',(1.,1.110223024625E-16,-0.));
#2464 = CYLINDRICAL_SURFACE('',#2465,0.5);
#2465 = AXIS2_PLACEMENT_3D('',#2466,#2467,#2468);
#2466 = CARTESIAN_POINT('',(81.025857251714,30.860782321565,0.));
#2467 = DIRECTION('',(-0.,-0.,-1.));
#2468 = DIRECTION('',(1.,1.110223024625E-16,-0.));
#2469 = ADVANCED_FACE('',(#2470),#2488,.F.);
#2470 = FACE_BOUND('',#2471,.T.);
#2471 = EDGE_LOOP('',(#2472,#2473,#2480,#2481));
#2472 = ORIENTED_EDGE('',*,*,#2450,.T.);
#2473 = ORIENTED_EDGE('',*,*,#2474,.T.);
#2474 = EDGE_CURVE('',#2442,#2434,#2475,.T.);
#2475 = CIRCLE('',#2476,0.5);
#2476 = AXIS2_PLACEMENT_3D('',#2477,#2478,#2479);
#2477 = CARTESIAN_POINT('',(81.025857251714,30.860782321565,
    9.004318008636E-02));
#2478 = DIRECTION('',(0.,0.,1.));
#2479 = DIRECTION('',(-1.,-1.110223024625E-16,0.));
#2480 = ORIENTED_EDGE('',*,*,#2431,.F.);
#2481 = ORIENTED_EDGE('',*,*,#2482,.F.);
#2482 = EDGE_CURVE('',#2451,#2432,#2483,.T.);
#2483 = CIRCLE('',#2484,0.5);
#2484 = AXIS2_PLACEMENT_3D('',#2485,#2486,#2487);
#2485 = CARTESIAN_POINT('',(81.025857251714,30.860782321565,0.));
#2486 = DIRECTION('',(0.,0.,1.));
#2487 = DIRECTION('',(-1.,-1.110223024625E-16,0.));
#2488 = CYLINDRICAL_SURFACE('',#2489,0.5);
#2489 = AXIS2_PLACEMENT_3D('',#2490,#2491,#2492);
#2490 = CARTESIAN_POINT('',(81.025857251714,30.860782321565,0.));
#2491 = DIRECTION('',(-0.,-0.,-1.));
#2492 = DIRECTION('',(-1.,-1.110223024625E-16,0.));
#2493 = ADVANCED_FACE('',(#2494),#2530,.F.);
#2494 = FACE_BOUND('',#2495,.T.);
#2495 = EDGE_LOOP('',(#2496,#2506,#2515,#2523));
#2496 = ORIENTED_EDGE('',*,*,#2497,.T.);
#2497 = EDGE_CURVE('',#2498,#2500,#2502,.T.);
#2498 = VERTEX_POINT('',#2499);
#2499 = CARTESIAN_POINT('',(81.830175260351,51.943103886208,0.));
#2500 = VERTEX_POINT('',#2501);
#2501 = CARTESIAN_POINT('',(81.830175260351,51.943103886208,
    9.004318008636E-02));
#2502 = LINE('',#2503,#2504);
#2503 = CARTESIAN_POINT('',(81.830175260351,51.943103886208,0.));
#2504 = VECTOR('',#2505,1.);
#2505 = DIRECTION('',(0.,0.,1.));
#2506 = ORIENTED_EDGE('',*,*,#2507,.T.);
#2507 = EDGE_CURVE('',#2500,#2508,#2510,.T.);
#2508 = VERTEX_POINT('',#2509);
#2509 = CARTESIAN_POINT('',(80.7301498603,51.943103886208,
    9.004318008636E-02));
#2510 = CIRCLE('',#2511,0.550012700025);
#2511 = AXIS2_PLACEMENT_3D('',#2512,#2513,#2514);
#2512 = CARTESIAN_POINT('',(81.280162560325,51.943103886208,
    9.004318008636E-02));
#2513 = DIRECTION('',(0.,0.,1.));
#2514 = DIRECTION('',(1.,1.110223024625E-16,-0.));
#2515 = ORIENTED_EDGE('',*,*,#2516,.F.);
#2516 = EDGE_CURVE('',#2517,#2508,#2519,.T.);
#2517 = VERTEX_POINT('',#2518);
#2518 = CARTESIAN_POINT('',(80.7301498603,51.943103886208,0.));
#2519 = LINE('',#2520,#2521);
#2520 = CARTESIAN_POINT('',(80.7301498603,51.943103886208,0.));
#2521 = VECTOR('',#2522,1.);
#2522 = DIRECTION('',(0.,0.,1.));
#2523 = ORIENTED_EDGE('',*,*,#2524,.F.);
#2524 = EDGE_CURVE('',#2498,#2517,#2525,.T.);
#2525 = CIRCLE('',#2526,0.550012700025);
#2526 = AXIS2_PLACEMENT_3D('',#2527,#2528,#2529);
#2527 = CARTESIAN_POINT('',(81.280162560325,51.943103886208,0.));
#2528 = DIRECTION('',(0.,0.,1.));
#2529 = DIRECTION('',(1.,1.110223024625E-16,-0.));
#2530 = CYLINDRICAL_SURFACE('',#2531,0.550012700025);
#2531 = AXIS2_PLACEMENT_3D('',#2532,#2533,#2534);
#2532 = CARTESIAN_POINT('',(81.280162560325,51.943103886208,0.));
#2533 = DIRECTION('',(-0.,-0.,-1.));
#2534 = DIRECTION('',(1.,1.110223024625E-16,-0.));
#2535 = ADVANCED_FACE('',(#2536),#2554,.F.);
#2536 = FACE_BOUND('',#2537,.T.);
#2537 = EDGE_LOOP('',(#2538,#2539,#2546,#2547));
#2538 = ORIENTED_EDGE('',*,*,#2516,.T.);
#2539 = ORIENTED_EDGE('',*,*,#2540,.T.);
#2540 = EDGE_CURVE('',#2508,#2500,#2541,.T.);
#2541 = CIRCLE('',#2542,0.550012700025);
#2542 = AXIS2_PLACEMENT_3D('',#2543,#2544,#2545);
#2543 = CARTESIAN_POINT('',(81.280162560325,51.943103886208,
    9.004318008636E-02));
#2544 = DIRECTION('',(0.,0.,1.));
#2545 = DIRECTION('',(-1.,-1.110223024625E-16,0.));
#2546 = ORIENTED_EDGE('',*,*,#2497,.F.);
#2547 = ORIENTED_EDGE('',*,*,#2548,.F.);
#2548 = EDGE_CURVE('',#2517,#2498,#2549,.T.);
#2549 = CIRCLE('',#2550,0.550012700025);
#2550 = AXIS2_PLACEMENT_3D('',#2551,#2552,#2553);
#2551 = CARTESIAN_POINT('',(81.280162560325,51.943103886208,0.));
#2552 = DIRECTION('',(0.,0.,1.));
#2553 = DIRECTION('',(-1.,-1.110223024625E-16,0.));
#2554 = CYLINDRICAL_SURFACE('',#2555,0.550012700025);
#2555 = AXIS2_PLACEMENT_3D('',#2556,#2557,#2558);
#2556 = CARTESIAN_POINT('',(81.280162560325,51.943103886208,0.));
#2557 = DIRECTION('',(-0.,-0.,-1.));
#2558 = DIRECTION('',(-1.,-1.110223024625E-16,0.));
#2559 = ADVANCED_FACE('',(#2560),#2596,.F.);
#2560 = FACE_BOUND('',#2561,.T.);
#2561 = EDGE_LOOP('',(#2562,#2572,#2581,#2589));
#2562 = ORIENTED_EDGE('',*,*,#2563,.T.);
#2563 = EDGE_CURVE('',#2564,#2566,#2568,.T.);
#2564 = VERTEX_POINT('',#2565);
#2565 = CARTESIAN_POINT('',(84.37015494031,51.943103886208,0.));
#2566 = VERTEX_POINT('',#2567);
#2567 = CARTESIAN_POINT('',(84.37015494031,51.943103886208,
    9.004318008636E-02));
#2568 = LINE('',#2569,#2570);
#2569 = CARTESIAN_POINT('',(84.37015494031,51.943103886208,0.));
#2570 = VECTOR('',#2571,1.);
#2571 = DIRECTION('',(0.,0.,1.));
#2572 = ORIENTED_EDGE('',*,*,#2573,.T.);
#2573 = EDGE_CURVE('',#2566,#2574,#2576,.T.);
#2574 = VERTEX_POINT('',#2575);
#2575 = CARTESIAN_POINT('',(83.270129540259,51.943103886208,
    9.004318008636E-02));
#2576 = CIRCLE('',#2577,0.550012700025);
#2577 = AXIS2_PLACEMENT_3D('',#2578,#2579,#2580);
#2578 = CARTESIAN_POINT('',(83.820142240284,51.943103886208,
    9.004318008636E-02));
#2579 = DIRECTION('',(0.,0.,1.));
#2580 = DIRECTION('',(1.,1.110223024625E-16,-0.));
#2581 = ORIENTED_EDGE('',*,*,#2582,.F.);
#2582 = EDGE_CURVE('',#2583,#2574,#2585,.T.);
#2583 = VERTEX_POINT('',#2584);
#2584 = CARTESIAN_POINT('',(83.270129540259,51.943103886208,0.));
#2585 = LINE('',#2586,#2587);
#2586 = CARTESIAN_POINT('',(83.270129540259,51.943103886208,0.));
#2587 = VECTOR('',#2588,1.);
#2588 = DIRECTION('',(0.,0.,1.));
#2589 = ORIENTED_EDGE('',*,*,#2590,.F.);
#2590 = EDGE_CURVE('',#2564,#2583,#2591,.T.);
#2591 = CIRCLE('',#2592,0.550012700025);
#2592 = AXIS2_PLACEMENT_3D('',#2593,#2594,#2595);
#2593 = CARTESIAN_POINT('',(83.820142240284,51.943103886208,0.));
#2594 = DIRECTION('',(0.,0.,1.));
#2595 = DIRECTION('',(1.,1.110223024625E-16,-0.));
#2596 = CYLINDRICAL_SURFACE('',#2597,0.550012700025);
#2597 = AXIS2_PLACEMENT_3D('',#2598,#2599,#2600);
#2598 = CARTESIAN_POINT('',(83.820142240284,51.943103886208,0.));
#2599 = DIRECTION('',(-0.,-0.,-1.));
#2600 = DIRECTION('',(1.,1.110223024625E-16,-0.));
#2601 = ADVANCED_FACE('',(#2602),#2620,.F.);
#2602 = FACE_BOUND('',#2603,.T.);
#2603 = EDGE_LOOP('',(#2604,#2605,#2612,#2613));
#2604 = ORIENTED_EDGE('',*,*,#2582,.T.);
#2605 = ORIENTED_EDGE('',*,*,#2606,.T.);
#2606 = EDGE_CURVE('',#2574,#2566,#2607,.T.);
#2607 = CIRCLE('',#2608,0.550012700025);
#2608 = AXIS2_PLACEMENT_3D('',#2609,#2610,#2611);
#2609 = CARTESIAN_POINT('',(83.820142240284,51.943103886208,
    9.004318008636E-02));
#2610 = DIRECTION('',(0.,0.,1.));
#2611 = DIRECTION('',(-1.,-1.110223024625E-16,0.));
#2612 = ORIENTED_EDGE('',*,*,#2563,.F.);
#2613 = ORIENTED_EDGE('',*,*,#2614,.F.);
#2614 = EDGE_CURVE('',#2583,#2564,#2615,.T.);
#2615 = CIRCLE('',#2616,0.550012700025);
#2616 = AXIS2_PLACEMENT_3D('',#2617,#2618,#2619);
#2617 = CARTESIAN_POINT('',(83.820142240284,51.943103886208,0.));
#2618 = DIRECTION('',(0.,0.,1.));
#2619 = DIRECTION('',(-1.,-1.110223024625E-16,0.));
#2620 = CYLINDRICAL_SURFACE('',#2621,0.550012700025);
#2621 = AXIS2_PLACEMENT_3D('',#2622,#2623,#2624);
#2622 = CARTESIAN_POINT('',(83.820142240284,51.943103886208,0.));
#2623 = DIRECTION('',(-0.,-0.,-1.));
#2624 = DIRECTION('',(-1.,-1.110223024625E-16,0.));
#2625 = ADVANCED_FACE('',(#2626),#2662,.F.);
#2626 = FACE_BOUND('',#2627,.T.);
#2627 = EDGE_LOOP('',(#2628,#2638,#2647,#2655));
#2628 = ORIENTED_EDGE('',*,*,#2629,.T.);
#2629 = EDGE_CURVE('',#2630,#2632,#2634,.T.);
#2630 = VERTEX_POINT('',#2631);
#2631 = CARTESIAN_POINT('',(86.910210820422,51.943103886208,0.));
#2632 = VERTEX_POINT('',#2633);
#2633 = CARTESIAN_POINT('',(86.910210820422,51.943103886208,
    9.004318008636E-02));
#2634 = LINE('',#2635,#2636);
#2635 = CARTESIAN_POINT('',(86.910210820422,51.943103886208,0.));
#2636 = VECTOR('',#2637,1.);
#2637 = DIRECTION('',(0.,0.,1.));
#2638 = ORIENTED_EDGE('',*,*,#2639,.T.);
#2639 = EDGE_CURVE('',#2632,#2640,#2642,.T.);
#2640 = VERTEX_POINT('',#2641);
#2641 = CARTESIAN_POINT('',(85.810185420371,51.943103886208,
    9.004318008636E-02));
#2642 = CIRCLE('',#2643,0.550012700025);
#2643 = AXIS2_PLACEMENT_3D('',#2644,#2645,#2646);
#2644 = CARTESIAN_POINT('',(86.360198120396,51.943103886208,
    9.004318008636E-02));
#2645 = DIRECTION('',(0.,0.,1.));
#2646 = DIRECTION('',(1.,1.110223024625E-16,-0.));
#2647 = ORIENTED_EDGE('',*,*,#2648,.F.);
#2648 = EDGE_CURVE('',#2649,#2640,#2651,.T.);
#2649 = VERTEX_POINT('',#2650);
#2650 = CARTESIAN_POINT('',(85.810185420371,51.943103886208,0.));
#2651 = LINE('',#2652,#2653);
#2652 = CARTESIAN_POINT('',(85.810185420371,51.943103886208,0.));
#2653 = VECTOR('',#2654,1.);
#2654 = DIRECTION('',(0.,0.,1.));
#2655 = ORIENTED_EDGE('',*,*,#2656,.F.);
#2656 = EDGE_CURVE('',#2630,#2649,#2657,.T.);
#2657 = CIRCLE('',#2658,0.550012700025);
#2658 = AXIS2_PLACEMENT_3D('',#2659,#2660,#2661);
#2659 = CARTESIAN_POINT('',(86.360198120396,51.943103886208,0.));
#2660 = DIRECTION('',(0.,0.,1.));
#2661 = DIRECTION('',(1.,1.110223024625E-16,-0.));
#2662 = CYLINDRICAL_SURFACE('',#2663,0.550012700025);
#2663 = AXIS2_PLACEMENT_3D('',#2664,#2665,#2666);
#2664 = CARTESIAN_POINT('',(86.360198120396,51.943103886208,0.));
#2665 = DIRECTION('',(-0.,-0.,-1.));
#2666 = DIRECTION('',(1.,1.110223024625E-16,-0.));
#2667 = ADVANCED_FACE('',(#2668),#2686,.F.);
#2668 = FACE_BOUND('',#2669,.T.);
#2669 = EDGE_LOOP('',(#2670,#2671,#2678,#2679));
#2670 = ORIENTED_EDGE('',*,*,#2648,.T.);
#2671 = ORIENTED_EDGE('',*,*,#2672,.T.);
#2672 = EDGE_CURVE('',#2640,#2632,#2673,.T.);
#2673 = CIRCLE('',#2674,0.550012700025);
#2674 = AXIS2_PLACEMENT_3D('',#2675,#2676,#2677);
#2675 = CARTESIAN_POINT('',(86.360198120396,51.943103886208,
    9.004318008636E-02));
#2676 = DIRECTION('',(0.,0.,1.));
#2677 = DIRECTION('',(-1.,-1.110223024625E-16,0.));
#2678 = ORIENTED_EDGE('',*,*,#2629,.F.);
#2679 = ORIENTED_EDGE('',*,*,#2680,.F.);
#2680 = EDGE_CURVE('',#2649,#2630,#2681,.T.);
#2681 = CIRCLE('',#2682,0.550012700025);
#2682 = AXIS2_PLACEMENT_3D('',#2683,#2684,#2685);
#2683 = CARTESIAN_POINT('',(86.360198120396,51.943103886208,0.));
#2684 = DIRECTION('',(0.,0.,1.));
#2685 = DIRECTION('',(-1.,-1.110223024625E-16,0.));
#2686 = CYLINDRICAL_SURFACE('',#2687,0.550012700025);
#2687 = AXIS2_PLACEMENT_3D('',#2688,#2689,#2690);
#2688 = CARTESIAN_POINT('',(86.360198120396,51.943103886208,0.));
#2689 = DIRECTION('',(-0.,-0.,-1.));
#2690 = DIRECTION('',(-1.,-1.110223024625E-16,0.));
#2691 = ADVANCED_FACE('',(#2692),#2728,.F.);
#2692 = FACE_BOUND('',#2693,.T.);
#2693 = EDGE_LOOP('',(#2694,#2704,#2713,#2721));
#2694 = ORIENTED_EDGE('',*,*,#2695,.T.);
#2695 = EDGE_CURVE('',#2696,#2698,#2700,.T.);
#2696 = VERTEX_POINT('',#2697);
#2697 = CARTESIAN_POINT('',(89.450190500381,51.943103886208,0.));
#2698 = VERTEX_POINT('',#2699);
#2699 = CARTESIAN_POINT('',(89.450190500381,51.943103886208,
    9.004318008636E-02));
#2700 = LINE('',#2701,#2702);
#2701 = CARTESIAN_POINT('',(89.450190500381,51.943103886208,0.));
#2702 = VECTOR('',#2703,1.);
#2703 = DIRECTION('',(0.,0.,1.));
#2704 = ORIENTED_EDGE('',*,*,#2705,.T.);
#2705 = EDGE_CURVE('',#2698,#2706,#2708,.T.);
#2706 = VERTEX_POINT('',#2707);
#2707 = CARTESIAN_POINT('',(88.35016510033,51.943103886208,
    9.004318008636E-02));
#2708 = CIRCLE('',#2709,0.550012700025);
#2709 = AXIS2_PLACEMENT_3D('',#2710,#2711,#2712);
#2710 = CARTESIAN_POINT('',(88.900177800356,51.943103886208,
    9.004318008636E-02));
#2711 = DIRECTION('',(0.,0.,1.));
#2712 = DIRECTION('',(1.,1.110223024625E-16,-0.));
#2713 = ORIENTED_EDGE('',*,*,#2714,.F.);
#2714 = EDGE_CURVE('',#2715,#2706,#2717,.T.);
#2715 = VERTEX_POINT('',#2716);
#2716 = CARTESIAN_POINT('',(88.35016510033,51.943103886208,0.));
#2717 = LINE('',#2718,#2719);
#2718 = CARTESIAN_POINT('',(88.35016510033,51.943103886208,0.));
#2719 = VECTOR('',#2720,1.);
#2720 = DIRECTION('',(0.,0.,1.));
#2721 = ORIENTED_EDGE('',*,*,#2722,.F.);
#2722 = EDGE_CURVE('',#2696,#2715,#2723,.T.);
#2723 = CIRCLE('',#2724,0.550012700025);
#2724 = AXIS2_PLACEMENT_3D('',#2725,#2726,#2727);
#2725 = CARTESIAN_POINT('',(88.900177800356,51.943103886208,0.));
#2726 = DIRECTION('',(0.,0.,1.));
#2727 = DIRECTION('',(1.,1.110223024625E-16,-0.));
#2728 = CYLINDRICAL_SURFACE('',#2729,0.550012700025);
#2729 = AXIS2_PLACEMENT_3D('',#2730,#2731,#2732);
#2730 = CARTESIAN_POINT('',(88.900177800356,51.943103886208,0.));
#2731 = DIRECTION('',(-0.,-0.,-1.));
#2732 = DIRECTION('',(1.,1.110223024625E-16,-0.));
#2733 = ADVANCED_FACE('',(#2734),#2752,.F.);
#2734 = FACE_BOUND('',#2735,.T.);
#2735 = EDGE_LOOP('',(#2736,#2737,#2744,#2745));
#2736 = ORIENTED_EDGE('',*,*,#2714,.T.);
#2737 = ORIENTED_EDGE('',*,*,#2738,.T.);
#2738 = EDGE_CURVE('',#2706,#2698,#2739,.T.);
#2739 = CIRCLE('',#2740,0.550012700025);
#2740 = AXIS2_PLACEMENT_3D('',#2741,#2742,#2743);
#2741 = CARTESIAN_POINT('',(88.900177800356,51.943103886208,
    9.004318008636E-02));
#2742 = DIRECTION('',(0.,0.,1.));
#2743 = DIRECTION('',(-1.,-1.110223024625E-16,0.));
#2744 = ORIENTED_EDGE('',*,*,#2695,.F.);
#2745 = ORIENTED_EDGE('',*,*,#2746,.F.);
#2746 = EDGE_CURVE('',#2715,#2696,#2747,.T.);
#2747 = CIRCLE('',#2748,0.550012700025);
#2748 = AXIS2_PLACEMENT_3D('',#2749,#2750,#2751);
#2749 = CARTESIAN_POINT('',(88.900177800356,51.943103886208,0.));
#2750 = DIRECTION('',(0.,0.,1.));
#2751 = DIRECTION('',(-1.,-1.110223024625E-16,0.));
#2752 = CYLINDRICAL_SURFACE('',#2753,0.550012700025);
#2753 = AXIS2_PLACEMENT_3D('',#2754,#2755,#2756);
#2754 = CARTESIAN_POINT('',(88.900177800356,51.943103886208,0.));
#2755 = DIRECTION('',(-0.,-0.,-1.));
#2756 = DIRECTION('',(-1.,-1.110223024625E-16,0.));
#2757 = ADVANCED_FACE('',(#2758),#2794,.F.);
#2758 = FACE_BOUND('',#2759,.T.);
#2759 = EDGE_LOOP('',(#2760,#2770,#2779,#2787));
#2760 = ORIENTED_EDGE('',*,*,#2761,.T.);
#2761 = EDGE_CURVE('',#2762,#2764,#2766,.T.);
#2762 = VERTEX_POINT('',#2763);
#2763 = CARTESIAN_POINT('',(91.990195580391,51.943103886208,0.));
#2764 = VERTEX_POINT('',#2765);
#2765 = CARTESIAN_POINT('',(91.990195580391,51.943103886208,
    9.004318008636E-02));
#2766 = LINE('',#2767,#2768);
#2767 = CARTESIAN_POINT('',(91.990195580391,51.943103886208,0.));
#2768 = VECTOR('',#2769,1.);
#2769 = DIRECTION('',(0.,0.,1.));
#2770 = ORIENTED_EDGE('',*,*,#2771,.T.);
#2771 = EDGE_CURVE('',#2764,#2772,#2774,.T.);
#2772 = VERTEX_POINT('',#2773);
#2773 = CARTESIAN_POINT('',(90.89017018034,51.943103886208,
    9.004318008636E-02));
#2774 = CIRCLE('',#2775,0.550012700025);
#2775 = AXIS2_PLACEMENT_3D('',#2776,#2777,#2778);
#2776 = CARTESIAN_POINT('',(91.440182880366,51.943103886208,
    9.004318008636E-02));
#2777 = DIRECTION('',(0.,0.,1.));
#2778 = DIRECTION('',(1.,1.110223024625E-16,-0.));
#2779 = ORIENTED_EDGE('',*,*,#2780,.F.);
#2780 = EDGE_CURVE('',#2781,#2772,#2783,.T.);
#2781 = VERTEX_POINT('',#2782);
#2782 = CARTESIAN_POINT('',(90.89017018034,51.943103886208,0.));
#2783 = LINE('',#2784,#2785);
#2784 = CARTESIAN_POINT('',(90.89017018034,51.943103886208,0.));
#2785 = VECTOR('',#2786,1.);
#2786 = DIRECTION('',(0.,0.,1.));
#2787 = ORIENTED_EDGE('',*,*,#2788,.F.);
#2788 = EDGE_CURVE('',#2762,#2781,#2789,.T.);
#2789 = CIRCLE('',#2790,0.550012700025);
#2790 = AXIS2_PLACEMENT_3D('',#2791,#2792,#2793);
#2791 = CARTESIAN_POINT('',(91.440182880366,51.943103886208,0.));
#2792 = DIRECTION('',(0.,0.,1.));
#2793 = DIRECTION('',(1.,1.110223024625E-16,-0.));
#2794 = CYLINDRICAL_SURFACE('',#2795,0.550012700025);
#2795 = AXIS2_PLACEMENT_3D('',#2796,#2797,#2798);
#2796 = CARTESIAN_POINT('',(91.440182880366,51.943103886208,0.));
#2797 = DIRECTION('',(-0.,-0.,-1.));
#2798 = DIRECTION('',(1.,1.110223024625E-16,-0.));
#2799 = ADVANCED_FACE('',(#2800),#2818,.F.);
#2800 = FACE_BOUND('',#2801,.T.);
#2801 = EDGE_LOOP('',(#2802,#2803,#2810,#2811));
#2802 = ORIENTED_EDGE('',*,*,#2780,.T.);
#2803 = ORIENTED_EDGE('',*,*,#2804,.T.);
#2804 = EDGE_CURVE('',#2772,#2764,#2805,.T.);
#2805 = CIRCLE('',#2806,0.550012700025);
#2806 = AXIS2_PLACEMENT_3D('',#2807,#2808,#2809);
#2807 = CARTESIAN_POINT('',(91.440182880366,51.943103886208,
    9.004318008636E-02));
#2808 = DIRECTION('',(0.,0.,1.));
#2809 = DIRECTION('',(-1.,-1.110223024625E-16,0.));
#2810 = ORIENTED_EDGE('',*,*,#2761,.F.);
#2811 = ORIENTED_EDGE('',*,*,#2812,.F.);
#2812 = EDGE_CURVE('',#2781,#2762,#2813,.T.);
#2813 = CIRCLE('',#2814,0.550012700025);
#2814 = AXIS2_PLACEMENT_3D('',#2815,#2816,#2817);
#2815 = CARTESIAN_POINT('',(91.440182880366,51.943103886208,0.));
#2816 = DIRECTION('',(0.,0.,1.));
#2817 = DIRECTION('',(-1.,-1.110223024625E-16,0.));
#2818 = CYLINDRICAL_SURFACE('',#2819,0.550012700025);
#2819 = AXIS2_PLACEMENT_3D('',#2820,#2821,#2822);
#2820 = CARTESIAN_POINT('',(91.440182880366,51.943103886208,0.));
#2821 = DIRECTION('',(-0.,-0.,-1.));
#2822 = DIRECTION('',(-1.,-1.110223024625E-16,0.));
#2823 = ADVANCED_FACE('',(#2824),#2860,.F.);
#2824 = FACE_BOUND('',#2825,.T.);
#2825 = EDGE_LOOP('',(#2826,#2836,#2845,#2853));
#2826 = ORIENTED_EDGE('',*,*,#2827,.T.);
#2827 = EDGE_CURVE('',#2828,#2830,#2832,.T.);
#2828 = VERTEX_POINT('',#2829);
#2829 = CARTESIAN_POINT('',(94.530175260351,51.943103886208,0.));
#2830 = VERTEX_POINT('',#2831);
#2831 = CARTESIAN_POINT('',(94.530175260351,51.943103886208,
    9.004318008636E-02));
#2832 = LINE('',#2833,#2834);
#2833 = CARTESIAN_POINT('',(94.530175260351,51.943103886208,0.));
#2834 = VECTOR('',#2835,1.);
#2835 = DIRECTION('',(0.,0.,1.));
#2836 = ORIENTED_EDGE('',*,*,#2837,.T.);
#2837 = EDGE_CURVE('',#2830,#2838,#2840,.T.);
#2838 = VERTEX_POINT('',#2839);
#2839 = CARTESIAN_POINT('',(93.4301498603,51.943103886208,
    9.004318008636E-02));
#2840 = CIRCLE('',#2841,0.550012700025);
#2841 = AXIS2_PLACEMENT_3D('',#2842,#2843,#2844);
#2842 = CARTESIAN_POINT('',(93.980162560325,51.943103886208,
    9.004318008636E-02));
#2843 = DIRECTION('',(0.,0.,1.));
#2844 = DIRECTION('',(1.,1.110223024625E-16,-0.));
#2845 = ORIENTED_EDGE('',*,*,#2846,.F.);
#2846 = EDGE_CURVE('',#2847,#2838,#2849,.T.);
#2847 = VERTEX_POINT('',#2848);
#2848 = CARTESIAN_POINT('',(93.4301498603,51.943103886208,0.));
#2849 = LINE('',#2850,#2851);
#2850 = CARTESIAN_POINT('',(93.4301498603,51.943103886208,0.));
#2851 = VECTOR('',#2852,1.);
#2852 = DIRECTION('',(0.,0.,1.));
#2853 = ORIENTED_EDGE('',*,*,#2854,.F.);
#2854 = EDGE_CURVE('',#2828,#2847,#2855,.T.);
#2855 = CIRCLE('',#2856,0.550012700025);
#2856 = AXIS2_PLACEMENT_3D('',#2857,#2858,#2859);
#2857 = CARTESIAN_POINT('',(93.980162560325,51.943103886208,0.));
#2858 = DIRECTION('',(0.,0.,1.));
#2859 = DIRECTION('',(1.,1.110223024625E-16,-0.));
#2860 = CYLINDRICAL_SURFACE('',#2861,0.550012700025);
#2861 = AXIS2_PLACEMENT_3D('',#2862,#2863,#2864);
#2862 = CARTESIAN_POINT('',(93.980162560325,51.943103886208,0.));
#2863 = DIRECTION('',(-0.,-0.,-1.));
#2864 = DIRECTION('',(1.,1.110223024625E-16,-0.));
#2865 = ADVANCED_FACE('',(#2866),#2884,.F.);
#2866 = FACE_BOUND('',#2867,.T.);
#2867 = EDGE_LOOP('',(#2868,#2869,#2876,#2877));
#2868 = ORIENTED_EDGE('',*,*,#2846,.T.);
#2869 = ORIENTED_EDGE('',*,*,#2870,.T.);
#2870 = EDGE_CURVE('',#2838,#2830,#2871,.T.);
#2871 = CIRCLE('',#2872,0.550012700025);
#2872 = AXIS2_PLACEMENT_3D('',#2873,#2874,#2875);
#2873 = CARTESIAN_POINT('',(93.980162560325,51.943103886208,
    9.004318008636E-02));
#2874 = DIRECTION('',(0.,0.,1.));
#2875 = DIRECTION('',(-1.,-1.110223024625E-16,0.));
#2876 = ORIENTED_EDGE('',*,*,#2827,.F.);
#2877 = ORIENTED_EDGE('',*,*,#2878,.F.);
#2878 = EDGE_CURVE('',#2847,#2828,#2879,.T.);
#2879 = CIRCLE('',#2880,0.550012700025);
#2880 = AXIS2_PLACEMENT_3D('',#2881,#2882,#2883);
#2881 = CARTESIAN_POINT('',(93.980162560325,51.943103886208,0.));
#2882 = DIRECTION('',(0.,0.,1.));
#2883 = DIRECTION('',(-1.,-1.110223024625E-16,0.));
#2884 = CYLINDRICAL_SURFACE('',#2885,0.550012700025);
#2885 = AXIS2_PLACEMENT_3D('',#2886,#2887,#2888);
#2886 = CARTESIAN_POINT('',(93.980162560325,51.943103886208,0.));
#2887 = DIRECTION('',(-0.,-0.,-1.));
#2888 = DIRECTION('',(-1.,-1.110223024625E-16,0.));
#2889 = ADVANCED_FACE('',(#2890),#2926,.F.);
#2890 = FACE_BOUND('',#2891,.T.);
#2891 = EDGE_LOOP('',(#2892,#2902,#2911,#2919));
#2892 = ORIENTED_EDGE('',*,*,#2893,.T.);
#2893 = EDGE_CURVE('',#2894,#2896,#2898,.T.);
#2894 = VERTEX_POINT('',#2895);
#2895 = CARTESIAN_POINT('',(95.241960883922,76.454127508255,0.));
#2896 = VERTEX_POINT('',#2897);
#2897 = CARTESIAN_POINT('',(95.241960883922,76.454127508255,
    9.004318008636E-02));
#2898 = LINE('',#2899,#2900);
#2899 = CARTESIAN_POINT('',(95.241960883922,76.454127508255,0.));
#2900 = VECTOR('',#2901,1.);
#2901 = DIRECTION('',(0.,0.,1.));
#2902 = ORIENTED_EDGE('',*,*,#2903,.T.);
#2903 = EDGE_CURVE('',#2896,#2904,#2906,.T.);
#2904 = VERTEX_POINT('',#2905);
#2905 = CARTESIAN_POINT('',(94.241960883922,76.454127508255,
    9.004318008636E-02));
#2906 = CIRCLE('',#2907,0.5);
#2907 = AXIS2_PLACEMENT_3D('',#2908,#2909,#2910);
#2908 = CARTESIAN_POINT('',(94.741960883922,76.454127508255,
    9.004318008636E-02));
#2909 = DIRECTION('',(0.,0.,1.));
#2910 = DIRECTION('',(1.,1.110223024625E-16,-0.));
#2911 = ORIENTED_EDGE('',*,*,#2912,.F.);
#2912 = EDGE_CURVE('',#2913,#2904,#2915,.T.);
#2913 = VERTEX_POINT('',#2914);
#2914 = CARTESIAN_POINT('',(94.241960883922,76.454127508255,0.));
#2915 = LINE('',#2916,#2917);
#2916 = CARTESIAN_POINT('',(94.241960883922,76.454127508255,0.));
#2917 = VECTOR('',#2918,1.);
#2918 = DIRECTION('',(0.,0.,1.));
#2919 = ORIENTED_EDGE('',*,*,#2920,.F.);
#2920 = EDGE_CURVE('',#2894,#2913,#2921,.T.);
#2921 = CIRCLE('',#2922,0.5);
#2922 = AXIS2_PLACEMENT_3D('',#2923,#2924,#2925);
#2923 = CARTESIAN_POINT('',(94.741960883922,76.454127508255,0.));
#2924 = DIRECTION('',(0.,0.,1.));
#2925 = DIRECTION('',(1.,1.110223024625E-16,-0.));
#2926 = CYLINDRICAL_SURFACE('',#2927,0.5);
#2927 = AXIS2_PLACEMENT_3D('',#2928,#2929,#2930);
#2928 = CARTESIAN_POINT('',(94.741960883922,76.454127508255,0.));
#2929 = DIRECTION('',(-0.,-0.,-1.));
#2930 = DIRECTION('',(1.,1.110223024625E-16,-0.));
#2931 = ADVANCED_FACE('',(#2932),#2950,.F.);
#2932 = FACE_BOUND('',#2933,.T.);
#2933 = EDGE_LOOP('',(#2934,#2935,#2942,#2943));
#2934 = ORIENTED_EDGE('',*,*,#2912,.T.);
#2935 = ORIENTED_EDGE('',*,*,#2936,.T.);
#2936 = EDGE_CURVE('',#2904,#2896,#2937,.T.);
#2937 = CIRCLE('',#2938,0.5);
#2938 = AXIS2_PLACEMENT_3D('',#2939,#2940,#2941);
#2939 = CARTESIAN_POINT('',(94.741960883922,76.454127508255,
    9.004318008636E-02));
#2940 = DIRECTION('',(0.,0.,1.));
#2941 = DIRECTION('',(-1.,-1.110223024625E-16,0.));
#2942 = ORIENTED_EDGE('',*,*,#2893,.F.);
#2943 = ORIENTED_EDGE('',*,*,#2944,.F.);
#2944 = EDGE_CURVE('',#2913,#2894,#2945,.T.);
#2945 = CIRCLE('',#2946,0.5);
#2946 = AXIS2_PLACEMENT_3D('',#2947,#2948,#2949);
#2947 = CARTESIAN_POINT('',(94.741960883922,76.454127508255,0.));
#2948 = DIRECTION('',(0.,0.,1.));
#2949 = DIRECTION('',(-1.,-1.110223024625E-16,0.));
#2950 = CYLINDRICAL_SURFACE('',#2951,0.5);
#2951 = AXIS2_PLACEMENT_3D('',#2952,#2953,#2954);
#2952 = CARTESIAN_POINT('',(94.741960883922,76.454127508255,0.));
#2953 = DIRECTION('',(-0.,-0.,-1.));
#2954 = DIRECTION('',(-1.,-1.110223024625E-16,0.));
#2955 = ADVANCED_FACE('',(#2956),#2992,.F.);
#2956 = FACE_BOUND('',#2957,.T.);
#2957 = EDGE_LOOP('',(#2958,#2968,#2977,#2985));
#2958 = ORIENTED_EDGE('',*,*,#2959,.T.);
#2959 = EDGE_CURVE('',#2960,#2962,#2964,.T.);
#2960 = VERTEX_POINT('',#2961);
#2961 = CARTESIAN_POINT('',(95.241960883922,73.914122428245,0.));
#2962 = VERTEX_POINT('',#2963);
#2963 = CARTESIAN_POINT('',(95.241960883922,73.914122428245,
    9.004318008636E-02));
#2964 = LINE('',#2965,#2966);
#2965 = CARTESIAN_POINT('',(95.241960883922,73.914122428245,0.));
#2966 = VECTOR('',#2967,1.);
#2967 = DIRECTION('',(0.,0.,1.));
#2968 = ORIENTED_EDGE('',*,*,#2969,.T.);
#2969 = EDGE_CURVE('',#2962,#2970,#2972,.T.);
#2970 = VERTEX_POINT('',#2971);
#2971 = CARTESIAN_POINT('',(94.241960883922,73.914122428245,
    9.004318008636E-02));
#2972 = CIRCLE('',#2973,0.5);
#2973 = AXIS2_PLACEMENT_3D('',#2974,#2975,#2976);
#2974 = CARTESIAN_POINT('',(94.741960883922,73.914122428245,
    9.004318008636E-02));
#2975 = DIRECTION('',(0.,0.,1.));
#2976 = DIRECTION('',(1.,1.110223024625E-16,-0.));
#2977 = ORIENTED_EDGE('',*,*,#2978,.F.);
#2978 = EDGE_CURVE('',#2979,#2970,#2981,.T.);
#2979 = VERTEX_POINT('',#2980);
#2980 = CARTESIAN_POINT('',(94.241960883922,73.914122428245,0.));
#2981 = LINE('',#2982,#2983);
#2982 = CARTESIAN_POINT('',(94.241960883922,73.914122428245,0.));
#2983 = VECTOR('',#2984,1.);
#2984 = DIRECTION('',(0.,0.,1.));
#2985 = ORIENTED_EDGE('',*,*,#2986,.F.);
#2986 = EDGE_CURVE('',#2960,#2979,#2987,.T.);
#2987 = CIRCLE('',#2988,0.5);
#2988 = AXIS2_PLACEMENT_3D('',#2989,#2990,#2991);
#2989 = CARTESIAN_POINT('',(94.741960883922,73.914122428245,0.));
#2990 = DIRECTION('',(0.,0.,1.));
#2991 = DIRECTION('',(1.,1.110223024625E-16,-0.));
#2992 = CYLINDRICAL_SURFACE('',#2993,0.5);
#2993 = AXIS2_PLACEMENT_3D('',#2994,#2995,#2996);
#2994 = CARTESIAN_POINT('',(94.741960883922,73.914122428245,0.));
#2995 = DIRECTION('',(-0.,-0.,-1.));
#2996 = DIRECTION('',(1.,1.110223024625E-16,-0.));
#2997 = ADVANCED_FACE('',(#2998),#3016,.F.);
#2998 = FACE_BOUND('',#2999,.T.);
#2999 = EDGE_LOOP('',(#3000,#3001,#3008,#3009));
#3000 = ORIENTED_EDGE('',*,*,#2978,.T.);
#3001 = ORIENTED_EDGE('',*,*,#3002,.T.);
#3002 = EDGE_CURVE('',#2970,#2962,#3003,.T.);
#3003 = CIRCLE('',#3004,0.5);
#3004 = AXIS2_PLACEMENT_3D('',#3005,#3006,#3007);
#3005 = CARTESIAN_POINT('',(94.741960883922,73.914122428245,
    9.004318008636E-02));
#3006 = DIRECTION('',(0.,0.,1.));
#3007 = DIRECTION('',(-1.,-1.110223024625E-16,0.));
#3008 = ORIENTED_EDGE('',*,*,#2959,.F.);
#3009 = ORIENTED_EDGE('',*,*,#3010,.F.);
#3010 = EDGE_CURVE('',#2979,#2960,#3011,.T.);
#3011 = CIRCLE('',#3012,0.5);
#3012 = AXIS2_PLACEMENT_3D('',#3013,#3014,#3015);
#3013 = CARTESIAN_POINT('',(94.741960883922,73.914122428245,0.));
#3014 = DIRECTION('',(0.,0.,1.));
#3015 = DIRECTION('',(-1.,-1.110223024625E-16,0.));
#3016 = CYLINDRICAL_SURFACE('',#3017,0.5);
#3017 = AXIS2_PLACEMENT_3D('',#3018,#3019,#3020);
#3018 = CARTESIAN_POINT('',(94.741960883922,73.914122428245,0.));
#3019 = DIRECTION('',(-0.,-0.,-1.));
#3020 = DIRECTION('',(-1.,-1.110223024625E-16,0.));
#3021 = ADVANCED_FACE('',(#3022),#3058,.F.);
#3022 = FACE_BOUND('',#3023,.T.);
#3023 = EDGE_LOOP('',(#3024,#3034,#3043,#3051));
#3024 = ORIENTED_EDGE('',*,*,#3025,.T.);
#3025 = EDGE_CURVE('',#3026,#3028,#3030,.T.);
#3026 = VERTEX_POINT('',#3027);
#3027 = CARTESIAN_POINT('',(95.241960883922,71.374117348235,0.));
#3028 = VERTEX_POINT('',#3029);
#3029 = CARTESIAN_POINT('',(95.241960883922,71.374117348235,
    9.004318008636E-02));
#3030 = LINE('',#3031,#3032);
#3031 = CARTESIAN_POINT('',(95.241960883922,71.374117348235,0.));
#3032 = VECTOR('',#3033,1.);
#3033 = DIRECTION('',(0.,0.,1.));
#3034 = ORIENTED_EDGE('',*,*,#3035,.T.);
#3035 = EDGE_CURVE('',#3028,#3036,#3038,.T.);
#3036 = VERTEX_POINT('',#3037);
#3037 = CARTESIAN_POINT('',(94.241960883922,71.374117348235,
    9.004318008636E-02));
#3038 = CIRCLE('',#3039,0.5);
#3039 = AXIS2_PLACEMENT_3D('',#3040,#3041,#3042);
#3040 = CARTESIAN_POINT('',(94.741960883922,71.374117348235,
    9.004318008636E-02));
#3041 = DIRECTION('',(0.,0.,1.));
#3042 = DIRECTION('',(1.,1.110223024625E-16,-0.));
#3043 = ORIENTED_EDGE('',*,*,#3044,.F.);
#3044 = EDGE_CURVE('',#3045,#3036,#3047,.T.);
#3045 = VERTEX_POINT('',#3046);
#3046 = CARTESIAN_POINT('',(94.241960883922,71.374117348235,0.));
#3047 = LINE('',#3048,#3049);
#3048 = CARTESIAN_POINT('',(94.241960883922,71.374117348235,0.));
#3049 = VECTOR('',#3050,1.);
#3050 = DIRECTION('',(0.,0.,1.));
#3051 = ORIENTED_EDGE('',*,*,#3052,.F.);
#3052 = EDGE_CURVE('',#3026,#3045,#3053,.T.);
#3053 = CIRCLE('',#3054,0.5);
#3054 = AXIS2_PLACEMENT_3D('',#3055,#3056,#3057);
#3055 = CARTESIAN_POINT('',(94.741960883922,71.374117348235,0.));
#3056 = DIRECTION('',(0.,0.,1.));
#3057 = DIRECTION('',(1.,1.110223024625E-16,-0.));
#3058 = CYLINDRICAL_SURFACE('',#3059,0.5);
#3059 = AXIS2_PLACEMENT_3D('',#3060,#3061,#3062);
#3060 = CARTESIAN_POINT('',(94.741960883922,71.374117348235,0.));
#3061 = DIRECTION('',(-0.,-0.,-1.));
#3062 = DIRECTION('',(1.,1.110223024625E-16,-0.));
#3063 = ADVANCED_FACE('',(#3064),#3082,.F.);
#3064 = FACE_BOUND('',#3065,.T.);
#3065 = EDGE_LOOP('',(#3066,#3067,#3074,#3075));
#3066 = ORIENTED_EDGE('',*,*,#3044,.T.);
#3067 = ORIENTED_EDGE('',*,*,#3068,.T.);
#3068 = EDGE_CURVE('',#3036,#3028,#3069,.T.);
#3069 = CIRCLE('',#3070,0.5);
#3070 = AXIS2_PLACEMENT_3D('',#3071,#3072,#3073);
#3071 = CARTESIAN_POINT('',(94.741960883922,71.374117348235,
    9.004318008636E-02));
#3072 = DIRECTION('',(0.,0.,1.));
#3073 = DIRECTION('',(-1.,-1.110223024625E-16,0.));
#3074 = ORIENTED_EDGE('',*,*,#3025,.F.);
#3075 = ORIENTED_EDGE('',*,*,#3076,.F.);
#3076 = EDGE_CURVE('',#3045,#3026,#3077,.T.);
#3077 = CIRCLE('',#3078,0.5);
#3078 = AXIS2_PLACEMENT_3D('',#3079,#3080,#3081);
#3079 = CARTESIAN_POINT('',(94.741960883922,71.374117348235,0.));
#3080 = DIRECTION('',(0.,0.,1.));
#3081 = DIRECTION('',(-1.,-1.110223024625E-16,0.));
#3082 = CYLINDRICAL_SURFACE('',#3083,0.5);
#3083 = AXIS2_PLACEMENT_3D('',#3084,#3085,#3086);
#3084 = CARTESIAN_POINT('',(94.741960883922,71.374117348235,0.));
#3085 = DIRECTION('',(-0.,-0.,-1.));
#3086 = DIRECTION('',(-1.,-1.110223024625E-16,0.));
#3087 = ADVANCED_FACE('',(#3088),#3124,.F.);
#3088 = FACE_BOUND('',#3089,.T.);
#3089 = EDGE_LOOP('',(#3090,#3100,#3109,#3117));
#3090 = ORIENTED_EDGE('',*,*,#3091,.T.);
#3091 = EDGE_CURVE('',#3092,#3094,#3096,.T.);
#3092 = VERTEX_POINT('',#3093);
#3093 = CARTESIAN_POINT('',(95.24221488443,78.994132588265,0.));
#3094 = VERTEX_POINT('',#3095);
#3095 = CARTESIAN_POINT('',(95.24221488443,78.994132588265,
    9.004318008636E-02));
#3096 = LINE('',#3097,#3098);
#3097 = CARTESIAN_POINT('',(95.24221488443,78.994132588265,0.));
#3098 = VECTOR('',#3099,1.);
#3099 = DIRECTION('',(0.,0.,1.));
#3100 = ORIENTED_EDGE('',*,*,#3101,.T.);
#3101 = EDGE_CURVE('',#3094,#3102,#3104,.T.);
#3102 = VERTEX_POINT('',#3103);
#3103 = CARTESIAN_POINT('',(94.24221488443,78.994132588265,
    9.004318008636E-02));
#3104 = CIRCLE('',#3105,0.5);
#3105 = AXIS2_PLACEMENT_3D('',#3106,#3107,#3108);
#3106 = CARTESIAN_POINT('',(94.74221488443,78.994132588265,
    9.004318008636E-02));
#3107 = DIRECTION('',(0.,0.,1.));
#3108 = DIRECTION('',(1.,1.110223024625E-16,-0.));
#3109 = ORIENTED_EDGE('',*,*,#3110,.F.);
#3110 = EDGE_CURVE('',#3111,#3102,#3113,.T.);
#3111 = VERTEX_POINT('',#3112);
#3112 = CARTESIAN_POINT('',(94.24221488443,78.994132588265,0.));
#3113 = LINE('',#3114,#3115);
#3114 = CARTESIAN_POINT('',(94.24221488443,78.994132588265,0.));
#3115 = VECTOR('',#3116,1.);
#3116 = DIRECTION('',(0.,0.,1.));
#3117 = ORIENTED_EDGE('',*,*,#3118,.F.);
#3118 = EDGE_CURVE('',#3092,#3111,#3119,.T.);
#3119 = CIRCLE('',#3120,0.5);
#3120 = AXIS2_PLACEMENT_3D('',#3121,#3122,#3123);
#3121 = CARTESIAN_POINT('',(94.74221488443,78.994132588265,0.));
#3122 = DIRECTION('',(0.,0.,1.));
#3123 = DIRECTION('',(1.,1.110223024625E-16,-0.));
#3124 = CYLINDRICAL_SURFACE('',#3125,0.5);
#3125 = AXIS2_PLACEMENT_3D('',#3126,#3127,#3128);
#3126 = CARTESIAN_POINT('',(94.74221488443,78.994132588265,0.));
#3127 = DIRECTION('',(-0.,-0.,-1.));
#3128 = DIRECTION('',(1.,1.110223024625E-16,-0.));
#3129 = ADVANCED_FACE('',(#3130),#3148,.F.);
#3130 = FACE_BOUND('',#3131,.T.);
#3131 = EDGE_LOOP('',(#3132,#3133,#3140,#3141));
#3132 = ORIENTED_EDGE('',*,*,#3110,.T.);
#3133 = ORIENTED_EDGE('',*,*,#3134,.T.);
#3134 = EDGE_CURVE('',#3102,#3094,#3135,.T.);
#3135 = CIRCLE('',#3136,0.5);
#3136 = AXIS2_PLACEMENT_3D('',#3137,#3138,#3139);
#3137 = CARTESIAN_POINT('',(94.74221488443,78.994132588265,
    9.004318008636E-02));
#3138 = DIRECTION('',(0.,0.,1.));
#3139 = DIRECTION('',(-1.,-1.110223024625E-16,0.));
#3140 = ORIENTED_EDGE('',*,*,#3091,.F.);
#3141 = ORIENTED_EDGE('',*,*,#3142,.F.);
#3142 = EDGE_CURVE('',#3111,#3092,#3143,.T.);
#3143 = CIRCLE('',#3144,0.5);
#3144 = AXIS2_PLACEMENT_3D('',#3145,#3146,#3147);
#3145 = CARTESIAN_POINT('',(94.74221488443,78.994132588265,0.));
#3146 = DIRECTION('',(0.,0.,1.));
#3147 = DIRECTION('',(-1.,-1.110223024625E-16,0.));
#3148 = CYLINDRICAL_SURFACE('',#3149,0.5);
#3149 = AXIS2_PLACEMENT_3D('',#3150,#3151,#3152);
#3150 = CARTESIAN_POINT('',(94.74221488443,78.994132588265,0.));
#3151 = DIRECTION('',(-0.,-0.,-1.));
#3152 = DIRECTION('',(-1.,-1.110223024625E-16,0.));
#3153 = ADVANCED_FACE('',(#3154),#3190,.F.);
#3154 = FACE_BOUND('',#3155,.T.);
#3155 = EDGE_LOOP('',(#3156,#3166,#3175,#3183));
#3156 = ORIENTED_EDGE('',*,*,#3157,.T.);
#3157 = EDGE_CURVE('',#3158,#3160,#3162,.T.);
#3158 = VERTEX_POINT('',#3159);
#3159 = CARTESIAN_POINT('',(109.26390652781,33.020116840234,0.));
#3160 = VERTEX_POINT('',#3161);
#3161 = CARTESIAN_POINT('',(109.26390652781,33.020116840234,
    9.004318008636E-02));
#3162 = LINE('',#3163,#3164);
#3163 = CARTESIAN_POINT('',(109.26390652781,33.020116840234,0.));
#3164 = VECTOR('',#3165,1.);
#3165 = DIRECTION('',(0.,0.,1.));
#3166 = ORIENTED_EDGE('',*,*,#3167,.T.);
#3167 = EDGE_CURVE('',#3160,#3168,#3170,.T.);
#3168 = VERTEX_POINT('',#3169);
#3169 = CARTESIAN_POINT('',(108.41391922783,33.020116840234,
    9.004318008636E-02));
#3170 = CIRCLE('',#3171,0.424993649987);
#3171 = AXIS2_PLACEMENT_3D('',#3172,#3173,#3174);
#3172 = CARTESIAN_POINT('',(108.83891287782,33.020116840234,
    9.004318008636E-02));
#3173 = DIRECTION('',(0.,0.,1.));
#3174 = DIRECTION('',(1.,1.110223024625E-16,-0.));
#3175 = ORIENTED_EDGE('',*,*,#3176,.F.);
#3176 = EDGE_CURVE('',#3177,#3168,#3179,.T.);
#3177 = VERTEX_POINT('',#3178);
#3178 = CARTESIAN_POINT('',(108.41391922783,33.020116840234,0.));
#3179 = LINE('',#3180,#3181);
#3180 = CARTESIAN_POINT('',(108.41391922783,33.020116840234,0.));
#3181 = VECTOR('',#3182,1.);
#3182 = DIRECTION('',(0.,0.,1.));
#3183 = ORIENTED_EDGE('',*,*,#3184,.F.);
#3184 = EDGE_CURVE('',#3158,#3177,#3185,.T.);
#3185 = CIRCLE('',#3186,0.424993649987);
#3186 = AXIS2_PLACEMENT_3D('',#3187,#3188,#3189);
#3187 = CARTESIAN_POINT('',(108.83891287782,33.020116840234,0.));
#3188 = DIRECTION('',(0.,0.,1.));
#3189 = DIRECTION('',(1.,1.110223024625E-16,-0.));
#3190 = CYLINDRICAL_SURFACE('',#3191,0.424993649987);
#3191 = AXIS2_PLACEMENT_3D('',#3192,#3193,#3194);
#3192 = CARTESIAN_POINT('',(108.83891287782,33.020116840234,0.));
#3193 = DIRECTION('',(-0.,-0.,-1.));
#3194 = DIRECTION('',(1.,1.110223024625E-16,-0.));
#3195 = ADVANCED_FACE('',(#3196),#3214,.F.);
#3196 = FACE_BOUND('',#3197,.T.);
#3197 = EDGE_LOOP('',(#3198,#3199,#3206,#3207));
#3198 = ORIENTED_EDGE('',*,*,#3176,.T.);
#3199 = ORIENTED_EDGE('',*,*,#3200,.T.);
#3200 = EDGE_CURVE('',#3168,#3160,#3201,.T.);
#3201 = CIRCLE('',#3202,0.424993649987);
#3202 = AXIS2_PLACEMENT_3D('',#3203,#3204,#3205);
#3203 = CARTESIAN_POINT('',(108.83891287782,33.020116840234,
    9.004318008636E-02));
#3204 = DIRECTION('',(0.,0.,1.));
#3205 = DIRECTION('',(-1.,-1.110223024625E-16,0.));
#3206 = ORIENTED_EDGE('',*,*,#3157,.F.);
#3207 = ORIENTED_EDGE('',*,*,#3208,.F.);
#3208 = EDGE_CURVE('',#3177,#3158,#3209,.T.);
#3209 = CIRCLE('',#3210,0.424993649987);
#3210 = AXIS2_PLACEMENT_3D('',#3211,#3212,#3213);
#3211 = CARTESIAN_POINT('',(108.83891287782,33.020116840234,0.));
#3212 = DIRECTION('',(0.,0.,1.));
#3213 = DIRECTION('',(-1.,-1.110223024625E-16,0.));
#3214 = CYLINDRICAL_SURFACE('',#3215,0.424993649987);
#3215 = AXIS2_PLACEMENT_3D('',#3216,#3217,#3218);
#3216 = CARTESIAN_POINT('',(108.83891287782,33.020116840234,0.));
#3217 = DIRECTION('',(-0.,-0.,-1.));
#3218 = DIRECTION('',(-1.,-1.110223024625E-16,0.));
#3219 = ADVANCED_FACE('',(#3220),#3256,.F.);
#3220 = FACE_BOUND('',#3221,.T.);
#3221 = EDGE_LOOP('',(#3222,#3232,#3241,#3249));
#3222 = ORIENTED_EDGE('',*,*,#3223,.T.);
#3223 = EDGE_CURVE('',#3224,#3226,#3228,.T.);
#3224 = VERTEX_POINT('',#3225);
#3225 = CARTESIAN_POINT('',(109.26416052832,31.750368300737,0.));
#3226 = VERTEX_POINT('',#3227);
#3227 = CARTESIAN_POINT('',(109.26416052832,31.750368300737,
    9.004318008636E-02));
#3228 = LINE('',#3229,#3230);
#3229 = CARTESIAN_POINT('',(109.26416052832,31.750368300737,0.));
#3230 = VECTOR('',#3231,1.);
#3231 = DIRECTION('',(0.,0.,1.));
#3232 = ORIENTED_EDGE('',*,*,#3233,.T.);
#3233 = EDGE_CURVE('',#3226,#3234,#3236,.T.);
#3234 = VERTEX_POINT('',#3235);
#3235 = CARTESIAN_POINT('',(108.41417322834,31.750368300737,
    9.004318008636E-02));
#3236 = CIRCLE('',#3237,0.424993649987);
#3237 = AXIS2_PLACEMENT_3D('',#3238,#3239,#3240);
#3238 = CARTESIAN_POINT('',(108.83916687833,31.750368300737,
    9.004318008636E-02));
#3239 = DIRECTION('',(0.,0.,1.));
#3240 = DIRECTION('',(1.,1.110223024625E-16,-0.));
#3241 = ORIENTED_EDGE('',*,*,#3242,.F.);
#3242 = EDGE_CURVE('',#3243,#3234,#3245,.T.);
#3243 = VERTEX_POINT('',#3244);
#3244 = CARTESIAN_POINT('',(108.41417322834,31.750368300737,0.));
#3245 = LINE('',#3246,#3247);
#3246 = CARTESIAN_POINT('',(108.41417322834,31.750368300737,0.));
#3247 = VECTOR('',#3248,1.);
#3248 = DIRECTION('',(0.,0.,1.));
#3249 = ORIENTED_EDGE('',*,*,#3250,.F.);
#3250 = EDGE_CURVE('',#3224,#3243,#3251,.T.);
#3251 = CIRCLE('',#3252,0.424993649987);
#3252 = AXIS2_PLACEMENT_3D('',#3253,#3254,#3255);
#3253 = CARTESIAN_POINT('',(108.83916687833,31.750368300737,0.));
#3254 = DIRECTION('',(0.,0.,1.));
#3255 = DIRECTION('',(1.,1.110223024625E-16,-0.));
#3256 = CYLINDRICAL_SURFACE('',#3257,0.424993649987);
#3257 = AXIS2_PLACEMENT_3D('',#3258,#3259,#3260);
#3258 = CARTESIAN_POINT('',(108.83916687833,31.750368300737,0.));
#3259 = DIRECTION('',(-0.,-0.,-1.));
#3260 = DIRECTION('',(1.,1.110223024625E-16,-0.));
#3261 = ADVANCED_FACE('',(#3262),#3280,.F.);
#3262 = FACE_BOUND('',#3263,.T.);
#3263 = EDGE_LOOP('',(#3264,#3265,#3272,#3273));
#3264 = ORIENTED_EDGE('',*,*,#3242,.T.);
#3265 = ORIENTED_EDGE('',*,*,#3266,.T.);
#3266 = EDGE_CURVE('',#3234,#3226,#3267,.T.);
#3267 = CIRCLE('',#3268,0.424993649987);
#3268 = AXIS2_PLACEMENT_3D('',#3269,#3270,#3271);
#3269 = CARTESIAN_POINT('',(108.83916687833,31.750368300737,
    9.004318008636E-02));
#3270 = DIRECTION('',(0.,0.,1.));
#3271 = DIRECTION('',(-1.,-1.110223024625E-16,0.));
#3272 = ORIENTED_EDGE('',*,*,#3223,.F.);
#3273 = ORIENTED_EDGE('',*,*,#3274,.F.);
#3274 = EDGE_CURVE('',#3243,#3224,#3275,.T.);
#3275 = CIRCLE('',#3276,0.424993649987);
#3276 = AXIS2_PLACEMENT_3D('',#3277,#3278,#3279);
#3277 = CARTESIAN_POINT('',(108.83916687833,31.750368300737,0.));
#3278 = DIRECTION('',(0.,0.,1.));
#3279 = DIRECTION('',(-1.,-1.110223024625E-16,0.));
#3280 = CYLINDRICAL_SURFACE('',#3281,0.424993649987);
#3281 = AXIS2_PLACEMENT_3D('',#3282,#3283,#3284);
#3282 = CARTESIAN_POINT('',(108.83916687833,31.750368300737,0.));
#3283 = DIRECTION('',(-0.,-0.,-1.));
#3284 = DIRECTION('',(-1.,-1.110223024625E-16,0.));
#3285 = ADVANCED_FACE('',(#3286),#3322,.F.);
#3286 = FACE_BOUND('',#3287,.T.);
#3287 = EDGE_LOOP('',(#3288,#3298,#3307,#3315));
#3288 = ORIENTED_EDGE('',*,*,#3289,.T.);
#3289 = EDGE_CURVE('',#3290,#3292,#3294,.T.);
#3290 = VERTEX_POINT('',#3291);
#3291 = CARTESIAN_POINT('',(109.26416052832,30.480365760732,0.));
#3292 = VERTEX_POINT('',#3293);
#3293 = CARTESIAN_POINT('',(109.26416052832,30.480365760732,
    9.004318008636E-02));
#3294 = LINE('',#3295,#3296);
#3295 = CARTESIAN_POINT('',(109.26416052832,30.480365760732,0.));
#3296 = VECTOR('',#3297,1.);
#3297 = DIRECTION('',(0.,0.,1.));
#3298 = ORIENTED_EDGE('',*,*,#3299,.T.);
#3299 = EDGE_CURVE('',#3292,#3300,#3302,.T.);
#3300 = VERTEX_POINT('',#3301);
#3301 = CARTESIAN_POINT('',(108.41417322834,30.480365760732,
    9.004318008636E-02));
#3302 = CIRCLE('',#3303,0.424993649987);
#3303 = AXIS2_PLACEMENT_3D('',#3304,#3305,#3306);
#3304 = CARTESIAN_POINT('',(108.83916687833,30.480365760732,
    9.004318008636E-02));
#3305 = DIRECTION('',(0.,0.,1.));
#3306 = DIRECTION('',(1.,1.110223024625E-16,-0.));
#3307 = ORIENTED_EDGE('',*,*,#3308,.F.);
#3308 = EDGE_CURVE('',#3309,#3300,#3311,.T.);
#3309 = VERTEX_POINT('',#3310);
#3310 = CARTESIAN_POINT('',(108.41417322834,30.480365760732,0.));
#3311 = LINE('',#3312,#3313);
#3312 = CARTESIAN_POINT('',(108.41417322834,30.480365760732,0.));
#3313 = VECTOR('',#3314,1.);
#3314 = DIRECTION('',(0.,0.,1.));
#3315 = ORIENTED_EDGE('',*,*,#3316,.F.);
#3316 = EDGE_CURVE('',#3290,#3309,#3317,.T.);
#3317 = CIRCLE('',#3318,0.424993649987);
#3318 = AXIS2_PLACEMENT_3D('',#3319,#3320,#3321);
#3319 = CARTESIAN_POINT('',(108.83916687833,30.480365760732,0.));
#3320 = DIRECTION('',(0.,0.,1.));
#3321 = DIRECTION('',(1.,1.110223024625E-16,-0.));
#3322 = CYLINDRICAL_SURFACE('',#3323,0.424993649987);
#3323 = AXIS2_PLACEMENT_3D('',#3324,#3325,#3326);
#3324 = CARTESIAN_POINT('',(108.83916687833,30.480365760732,0.));
#3325 = DIRECTION('',(-0.,-0.,-1.));
#3326 = DIRECTION('',(1.,1.110223024625E-16,-0.));
#3327 = ADVANCED_FACE('',(#3328),#3346,.F.);
#3328 = FACE_BOUND('',#3329,.T.);
#3329 = EDGE_LOOP('',(#3330,#3331,#3338,#3339));
#3330 = ORIENTED_EDGE('',*,*,#3308,.T.);
#3331 = ORIENTED_EDGE('',*,*,#3332,.T.);
#3332 = EDGE_CURVE('',#3300,#3292,#3333,.T.);
#3333 = CIRCLE('',#3334,0.424993649987);
#3334 = AXIS2_PLACEMENT_3D('',#3335,#3336,#3337);
#3335 = CARTESIAN_POINT('',(108.83916687833,30.480365760732,
    9.004318008636E-02));
#3336 = DIRECTION('',(0.,0.,1.));
#3337 = DIRECTION('',(-1.,-1.110223024625E-16,0.));
#3338 = ORIENTED_EDGE('',*,*,#3289,.F.);
#3339 = ORIENTED_EDGE('',*,*,#3340,.F.);
#3340 = EDGE_CURVE('',#3309,#3290,#3341,.T.);
#3341 = CIRCLE('',#3342,0.424993649987);
#3342 = AXIS2_PLACEMENT_3D('',#3343,#3344,#3345);
#3343 = CARTESIAN_POINT('',(108.83916687833,30.480365760732,0.));
#3344 = DIRECTION('',(0.,0.,1.));
#3345 = DIRECTION('',(-1.,-1.110223024625E-16,0.));
#3346 = CYLINDRICAL_SURFACE('',#3347,0.424993649987);
#3347 = AXIS2_PLACEMENT_3D('',#3348,#3349,#3350);
#3348 = CARTESIAN_POINT('',(108.83916687833,30.480365760732,0.));
#3349 = DIRECTION('',(-0.,-0.,-1.));
#3350 = DIRECTION('',(-1.,-1.110223024625E-16,0.));
#3351 = ADVANCED_FACE('',(#3352),#3386,.T.);
#3352 = FACE_BOUND('',#3353,.T.);
#3353 = EDGE_LOOP('',(#3354,#3364,#3372,#3380));
#3354 = ORIENTED_EDGE('',*,*,#3355,.T.);
#3355 = EDGE_CURVE('',#3356,#3358,#3360,.T.);
#3356 = VERTEX_POINT('',#3357);
#3357 = CARTESIAN_POINT('',(118.73192786385,52.01397002794,0.));
#3358 = VERTEX_POINT('',#3359);
#3359 = CARTESIAN_POINT('',(118.73192786385,52.01397002794,
    9.004318008636E-02));
#3360 = LINE('',#3361,#3362);
#3361 = CARTESIAN_POINT('',(118.73192786385,52.01397002794,0.));
#3362 = VECTOR('',#3363,1.);
#3363 = DIRECTION('',(0.,0.,1.));
#3364 = ORIENTED_EDGE('',*,*,#3365,.T.);
#3365 = EDGE_CURVE('',#3358,#3366,#3368,.T.);
#3366 = VERTEX_POINT('',#3367);
#3367 = CARTESIAN_POINT('',(113.93192786385,52.01397002794,
    9.004318008636E-02));
#3368 = LINE('',#3369,#3370);
#3369 = CARTESIAN_POINT('',(118.73192786385,52.01397002794,
    9.004318008636E-02));
#3370 = VECTOR('',#3371,1.);
#3371 = DIRECTION('',(-1.,0.,0.));
#3372 = ORIENTED_EDGE('',*,*,#3373,.F.);
#3373 = EDGE_CURVE('',#3374,#3366,#3376,.T.);
#3374 = VERTEX_POINT('',#3375);
#3375 = CARTESIAN_POINT('',(113.93192786385,52.01397002794,0.));
#3376 = LINE('',#3377,#3378);
#3377 = CARTESIAN_POINT('',(113.93192786385,52.01397002794,0.));
#3378 = VECTOR('',#3379,1.);
#3379 = DIRECTION('',(0.,0.,1.));
#3380 = ORIENTED_EDGE('',*,*,#3381,.F.);
#3381 = EDGE_CURVE('',#3356,#3374,#3382,.T.);
#3382 = LINE('',#3383,#3384);
#3383 = CARTESIAN_POINT('',(118.73192786385,52.01397002794,0.));
#3384 = VECTOR('',#3385,1.);
#3385 = DIRECTION('',(-1.,0.,0.));
#3386 = PLANE('',#3387);
#3387 = AXIS2_PLACEMENT_3D('',#3388,#3389,#3390);
#3388 = CARTESIAN_POINT('',(118.73192786385,52.01397002794,0.));
#3389 = DIRECTION('',(0.,-1.,0.));
#3390 = DIRECTION('',(-1.,0.,0.));
#3391 = ADVANCED_FACE('',(#3392),#3419,.F.);
#3392 = FACE_BOUND('',#3393,.T.);
#3393 = EDGE_LOOP('',(#3394,#3395,#3404,#3412));
#3394 = ORIENTED_EDGE('',*,*,#3373,.T.);
#3395 = ORIENTED_EDGE('',*,*,#3396,.T.);
#3396 = EDGE_CURVE('',#3366,#3397,#3399,.T.);
#3397 = VERTEX_POINT('',#3398);
#3398 = CARTESIAN_POINT('',(113.93192786385,51.21397002794,
    9.004318008636E-02));
#3399 = CIRCLE('',#3400,0.4);
#3400 = AXIS2_PLACEMENT_3D('',#3401,#3402,#3403);
#3401 = CARTESIAN_POINT('',(113.93192786385,51.61397002794,
    9.004318008636E-02));
#3402 = DIRECTION('',(0.,0.,1.));
#3403 = DIRECTION('',(-1.110223024625E-16,1.,0.));
#3404 = ORIENTED_EDGE('',*,*,#3405,.F.);
#3405 = EDGE_CURVE('',#3406,#3397,#3408,.T.);
#3406 = VERTEX_POINT('',#3407);
#3407 = CARTESIAN_POINT('',(113.93192786385,51.21397002794,0.));
#3408 = LINE('',#3409,#3410);
#3409 = CARTESIAN_POINT('',(113.93192786385,51.21397002794,0.));
#3410 = VECTOR('',#3411,1.);
#3411 = DIRECTION('',(0.,0.,1.));
#3412 = ORIENTED_EDGE('',*,*,#3413,.F.);
#3413 = EDGE_CURVE('',#3374,#3406,#3414,.T.);
#3414 = CIRCLE('',#3415,0.4);
#3415 = AXIS2_PLACEMENT_3D('',#3416,#3417,#3418);
#3416 = CARTESIAN_POINT('',(113.93192786385,51.61397002794,0.));
#3417 = DIRECTION('',(0.,0.,1.));
#3418 = DIRECTION('',(-1.110223024625E-16,1.,0.));
#3419 = CYLINDRICAL_SURFACE('',#3420,0.4);
#3420 = AXIS2_PLACEMENT_3D('',#3421,#3422,#3423);
#3421 = CARTESIAN_POINT('',(113.93192786385,51.61397002794,0.));
#3422 = DIRECTION('',(-0.,-0.,-1.));
#3423 = DIRECTION('',(-1.110223024625E-16,1.,0.));
#3424 = ADVANCED_FACE('',(#3425),#3450,.T.);
#3425 = FACE_BOUND('',#3426,.T.);
#3426 = EDGE_LOOP('',(#3427,#3428,#3436,#3444));
#3427 = ORIENTED_EDGE('',*,*,#3405,.T.);
#3428 = ORIENTED_EDGE('',*,*,#3429,.T.);
#3429 = EDGE_CURVE('',#3397,#3430,#3432,.T.);
#3430 = VERTEX_POINT('',#3431);
#3431 = CARTESIAN_POINT('',(118.73192786385,51.21397002794,
    9.004318008636E-02));
#3432 = LINE('',#3433,#3434);
#3433 = CARTESIAN_POINT('',(113.93192786385,51.21397002794,
    9.004318008636E-02));
#3434 = VECTOR('',#3435,1.);
#3435 = DIRECTION('',(1.,0.,0.));
#3436 = ORIENTED_EDGE('',*,*,#3437,.F.);
#3437 = EDGE_CURVE('',#3438,#3430,#3440,.T.);
#3438 = VERTEX_POINT('',#3439);
#3439 = CARTESIAN_POINT('',(118.73192786385,51.21397002794,0.));
#3440 = LINE('',#3441,#3442);
#3441 = CARTESIAN_POINT('',(118.73192786385,51.21397002794,0.));
#3442 = VECTOR('',#3443,1.);
#3443 = DIRECTION('',(0.,0.,1.));
#3444 = ORIENTED_EDGE('',*,*,#3445,.F.);
#3445 = EDGE_CURVE('',#3406,#3438,#3446,.T.);
#3446 = LINE('',#3447,#3448);
#3447 = CARTESIAN_POINT('',(113.93192786385,51.21397002794,0.));
#3448 = VECTOR('',#3449,1.);
#3449 = DIRECTION('',(1.,0.,0.));
#3450 = PLANE('',#3451);
#3451 = AXIS2_PLACEMENT_3D('',#3452,#3453,#3454);
#3452 = CARTESIAN_POINT('',(113.93192786385,51.21397002794,0.));
#3453 = DIRECTION('',(0.,1.,0.));
#3454 = DIRECTION('',(1.,0.,0.));
#3455 = ADVANCED_FACE('',(#3456),#3474,.F.);
#3456 = FACE_BOUND('',#3457,.T.);
#3457 = EDGE_LOOP('',(#3458,#3459,#3466,#3467));
#3458 = ORIENTED_EDGE('',*,*,#3437,.T.);
#3459 = ORIENTED_EDGE('',*,*,#3460,.T.);
#3460 = EDGE_CURVE('',#3430,#3358,#3461,.T.);
#3461 = CIRCLE('',#3462,0.4);
#3462 = AXIS2_PLACEMENT_3D('',#3463,#3464,#3465);
#3463 = CARTESIAN_POINT('',(118.73192786385,51.61397002794,
    9.004318008636E-02));
#3464 = DIRECTION('',(0.,0.,1.));
#3465 = DIRECTION('',(1.110223024625E-16,-1.,0.));
#3466 = ORIENTED_EDGE('',*,*,#3355,.F.);
#3467 = ORIENTED_EDGE('',*,*,#3468,.F.);
#3468 = EDGE_CURVE('',#3438,#3356,#3469,.T.);
#3469 = CIRCLE('',#3470,0.4);
#3470 = AXIS2_PLACEMENT_3D('',#3471,#3472,#3473);
#3471 = CARTESIAN_POINT('',(118.73192786385,51.61397002794,0.));
#3472 = DIRECTION('',(0.,0.,1.));
#3473 = DIRECTION('',(1.110223024625E-16,-1.,0.));
#3474 = CYLINDRICAL_SURFACE('',#3475,0.4);
#3475 = AXIS2_PLACEMENT_3D('',#3476,#3477,#3478);
#3476 = CARTESIAN_POINT('',(118.73192786385,51.61397002794,0.));
#3477 = DIRECTION('',(-0.,-0.,-1.));
#3478 = DIRECTION('',(1.110223024625E-16,-1.,0.));
#3479 = ADVANCED_FACE('',(#3480),#3514,.T.);
#3480 = FACE_BOUND('',#3481,.T.);
#3481 = EDGE_LOOP('',(#3482,#3492,#3500,#3508));
#3482 = ORIENTED_EDGE('',*,*,#3483,.T.);
#3483 = EDGE_CURVE('',#3484,#3486,#3488,.T.);
#3484 = VERTEX_POINT('',#3485);
#3485 = CARTESIAN_POINT('',(118.73192786385,122.01397002794,0.));
#3486 = VERTEX_POINT('',#3487);
#3487 = CARTESIAN_POINT('',(118.73192786385,122.01397002794,
    9.004318008636E-02));
#3488 = LINE('',#3489,#3490);
#3489 = CARTESIAN_POINT('',(118.73192786385,122.01397002794,0.));
#3490 = VECTOR('',#3491,1.);
#3491 = DIRECTION('',(0.,0.,1.));
#3492 = ORIENTED_EDGE('',*,*,#3493,.T.);
#3493 = EDGE_CURVE('',#3486,#3494,#3496,.T.);
#3494 = VERTEX_POINT('',#3495);
#3495 = CARTESIAN_POINT('',(113.93192786385,122.01397002794,
    9.004318008636E-02));
#3496 = LINE('',#3497,#3498);
#3497 = CARTESIAN_POINT('',(118.73192786385,122.01397002794,
    9.004318008636E-02));
#3498 = VECTOR('',#3499,1.);
#3499 = DIRECTION('',(-1.,0.,0.));
#3500 = ORIENTED_EDGE('',*,*,#3501,.F.);
#3501 = EDGE_CURVE('',#3502,#3494,#3504,.T.);
#3502 = VERTEX_POINT('',#3503);
#3503 = CARTESIAN_POINT('',(113.93192786385,122.01397002794,0.));
#3504 = LINE('',#3505,#3506);
#3505 = CARTESIAN_POINT('',(113.93192786385,122.01397002794,0.));
#3506 = VECTOR('',#3507,1.);
#3507 = DIRECTION('',(0.,0.,1.));
#3508 = ORIENTED_EDGE('',*,*,#3509,.F.);
#3509 = EDGE_CURVE('',#3484,#3502,#3510,.T.);
#3510 = LINE('',#3511,#3512);
#3511 = CARTESIAN_POINT('',(118.73192786385,122.01397002794,0.));
#3512 = VECTOR('',#3513,1.);
#3513 = DIRECTION('',(-1.,0.,0.));
#3514 = PLANE('',#3515);
#3515 = AXIS2_PLACEMENT_3D('',#3516,#3517,#3518);
#3516 = CARTESIAN_POINT('',(118.73192786385,122.01397002794,0.));
#3517 = DIRECTION('',(0.,-1.,0.));
#3518 = DIRECTION('',(-1.,0.,0.));
#3519 = ADVANCED_FACE('',(#3520),#3547,.F.);
#3520 = FACE_BOUND('',#3521,.T.);
#3521 = EDGE_LOOP('',(#3522,#3523,#3532,#3540));
#3522 = ORIENTED_EDGE('',*,*,#3501,.T.);
#3523 = ORIENTED_EDGE('',*,*,#3524,.T.);
#3524 = EDGE_CURVE('',#3494,#3525,#3527,.T.);
#3525 = VERTEX_POINT('',#3526);
#3526 = CARTESIAN_POINT('',(113.93192786385,121.21397002794,
    9.004318008636E-02));
#3527 = CIRCLE('',#3528,0.4);
#3528 = AXIS2_PLACEMENT_3D('',#3529,#3530,#3531);
#3529 = CARTESIAN_POINT('',(113.93192786385,121.61397002794,
    9.004318008636E-02));
#3530 = DIRECTION('',(0.,0.,1.));
#3531 = DIRECTION('',(-1.110223024625E-16,1.,0.));
#3532 = ORIENTED_EDGE('',*,*,#3533,.F.);
#3533 = EDGE_CURVE('',#3534,#3525,#3536,.T.);
#3534 = VERTEX_POINT('',#3535);
#3535 = CARTESIAN_POINT('',(113.93192786385,121.21397002794,0.));
#3536 = LINE('',#3537,#3538);
#3537 = CARTESIAN_POINT('',(113.93192786385,121.21397002794,0.));
#3538 = VECTOR('',#3539,1.);
#3539 = DIRECTION('',(0.,0.,1.));
#3540 = ORIENTED_EDGE('',*,*,#3541,.F.);
#3541 = EDGE_CURVE('',#3502,#3534,#3542,.T.);
#3542 = CIRCLE('',#3543,0.4);
#3543 = AXIS2_PLACEMENT_3D('',#3544,#3545,#3546);
#3544 = CARTESIAN_POINT('',(113.93192786385,121.61397002794,0.));
#3545 = DIRECTION('',(0.,0.,1.));
#3546 = DIRECTION('',(-1.110223024625E-16,1.,0.));
#3547 = CYLINDRICAL_SURFACE('',#3548,0.4);
#3548 = AXIS2_PLACEMENT_3D('',#3549,#3550,#3551);
#3549 = CARTESIAN_POINT('',(113.93192786385,121.61397002794,0.));
#3550 = DIRECTION('',(-0.,-0.,-1.));
#3551 = DIRECTION('',(-1.110223024625E-16,1.,0.));
#3552 = ADVANCED_FACE('',(#3553),#3578,.T.);
#3553 = FACE_BOUND('',#3554,.T.);
#3554 = EDGE_LOOP('',(#3555,#3556,#3564,#3572));
#3555 = ORIENTED_EDGE('',*,*,#3533,.T.);
#3556 = ORIENTED_EDGE('',*,*,#3557,.T.);
#3557 = EDGE_CURVE('',#3525,#3558,#3560,.T.);
#3558 = VERTEX_POINT('',#3559);
#3559 = CARTESIAN_POINT('',(118.73192786385,121.21397002794,
    9.004318008636E-02));
#3560 = LINE('',#3561,#3562);
#3561 = CARTESIAN_POINT('',(113.93192786385,121.21397002794,
    9.004318008636E-02));
#3562 = VECTOR('',#3563,1.);
#3563 = DIRECTION('',(1.,0.,0.));
#3564 = ORIENTED_EDGE('',*,*,#3565,.F.);
#3565 = EDGE_CURVE('',#3566,#3558,#3568,.T.);
#3566 = VERTEX_POINT('',#3567);
#3567 = CARTESIAN_POINT('',(118.73192786385,121.21397002794,0.));
#3568 = LINE('',#3569,#3570);
#3569 = CARTESIAN_POINT('',(118.73192786385,121.21397002794,0.));
#3570 = VECTOR('',#3571,1.);
#3571 = DIRECTION('',(0.,0.,1.));
#3572 = ORIENTED_EDGE('',*,*,#3573,.F.);
#3573 = EDGE_CURVE('',#3534,#3566,#3574,.T.);
#3574 = LINE('',#3575,#3576);
#3575 = CARTESIAN_POINT('',(113.93192786385,121.21397002794,0.));
#3576 = VECTOR('',#3577,1.);
#3577 = DIRECTION('',(1.,0.,0.));
#3578 = PLANE('',#3579);
#3579 = AXIS2_PLACEMENT_3D('',#3580,#3581,#3582);
#3580 = CARTESIAN_POINT('',(113.93192786385,121.21397002794,0.));
#3581 = DIRECTION('',(0.,1.,0.));
#3582 = DIRECTION('',(1.,0.,0.));
#3583 = ADVANCED_FACE('',(#3584),#3602,.F.);
#3584 = FACE_BOUND('',#3585,.T.);
#3585 = EDGE_LOOP('',(#3586,#3587,#3594,#3595));
#3586 = ORIENTED_EDGE('',*,*,#3565,.T.);
#3587 = ORIENTED_EDGE('',*,*,#3588,.T.);
#3588 = EDGE_CURVE('',#3558,#3486,#3589,.T.);
#3589 = CIRCLE('',#3590,0.4);
#3590 = AXIS2_PLACEMENT_3D('',#3591,#3592,#3593);
#3591 = CARTESIAN_POINT('',(118.73192786385,121.61397002794,
    9.004318008636E-02));
#3592 = DIRECTION('',(0.,0.,1.));
#3593 = DIRECTION('',(1.110223024625E-16,-1.,0.));
#3594 = ORIENTED_EDGE('',*,*,#3483,.F.);
#3595 = ORIENTED_EDGE('',*,*,#3596,.F.);
#3596 = EDGE_CURVE('',#3566,#3484,#3597,.T.);
#3597 = CIRCLE('',#3598,0.4);
#3598 = AXIS2_PLACEMENT_3D('',#3599,#3600,#3601);
#3599 = CARTESIAN_POINT('',(118.73192786385,121.61397002794,0.));
#3600 = DIRECTION('',(0.,0.,1.));
#3601 = DIRECTION('',(1.110223024625E-16,-1.,0.));
#3602 = CYLINDRICAL_SURFACE('',#3603,0.4);
#3603 = AXIS2_PLACEMENT_3D('',#3604,#3605,#3606);
#3604 = CARTESIAN_POINT('',(118.73192786385,121.61397002794,0.));
#3605 = DIRECTION('',(-0.,-0.,-1.));
#3606 = DIRECTION('',(1.110223024625E-16,-1.,0.));
#3607 = ADVANCED_FACE('',(#3608),#3644,.F.);
#3608 = FACE_BOUND('',#3609,.T.);
#3609 = EDGE_LOOP('',(#3610,#3620,#3629,#3637));
#3610 = ORIENTED_EDGE('',*,*,#3611,.T.);
#3611 = EDGE_CURVE('',#3612,#3614,#3616,.T.);
#3612 = VERTEX_POINT('',#3613);
#3613 = CARTESIAN_POINT('',(118.48361696723,86.614046228092,0.));
#3614 = VERTEX_POINT('',#3615);
#3615 = CARTESIAN_POINT('',(118.48361696723,86.614046228092,
    9.004318008636E-02));
#3616 = LINE('',#3617,#3618);
#3617 = CARTESIAN_POINT('',(118.48361696723,86.614046228092,0.));
#3618 = VECTOR('',#3619,1.);
#3619 = DIRECTION('',(0.,0.,1.));
#3620 = ORIENTED_EDGE('',*,*,#3621,.T.);
#3621 = EDGE_CURVE('',#3614,#3622,#3624,.T.);
#3622 = VERTEX_POINT('',#3623);
#3623 = CARTESIAN_POINT('',(115.48361696723,86.614046228092,
    9.004318008636E-02));
#3624 = CIRCLE('',#3625,1.5);
#3625 = AXIS2_PLACEMENT_3D('',#3626,#3627,#3628);
#3626 = CARTESIAN_POINT('',(116.98361696723,86.614046228092,
    9.004318008636E-02));
#3627 = DIRECTION('',(0.,0.,1.));
#3628 = DIRECTION('',(1.,1.110223024625E-16,-0.));
#3629 = ORIENTED_EDGE('',*,*,#3630,.F.);
#3630 = EDGE_CURVE('',#3631,#3622,#3633,.T.);
#3631 = VERTEX_POINT('',#3632);
#3632 = CARTESIAN_POINT('',(115.48361696723,86.614046228092,0.));
#3633 = LINE('',#3634,#3635);
#3634 = CARTESIAN_POINT('',(115.48361696723,86.614046228092,0.));
#3635 = VECTOR('',#3636,1.);
#3636 = DIRECTION('',(0.,0.,1.));
#3637 = ORIENTED_EDGE('',*,*,#3638,.F.);
#3638 = EDGE_CURVE('',#3612,#3631,#3639,.T.);
#3639 = CIRCLE('',#3640,1.5);
#3640 = AXIS2_PLACEMENT_3D('',#3641,#3642,#3643);
#3641 = CARTESIAN_POINT('',(116.98361696723,86.614046228092,0.));
#3642 = DIRECTION('',(0.,0.,1.));
#3643 = DIRECTION('',(1.,1.110223024625E-16,-0.));
#3644 = CYLINDRICAL_SURFACE('',#3645,1.5);
#3645 = AXIS2_PLACEMENT_3D('',#3646,#3647,#3648);
#3646 = CARTESIAN_POINT('',(116.98361696723,86.614046228092,0.));
#3647 = DIRECTION('',(-0.,-0.,-1.));
#3648 = DIRECTION('',(1.,1.110223024625E-16,-0.));
#3649 = ADVANCED_FACE('',(#3650),#3668,.F.);
#3650 = FACE_BOUND('',#3651,.T.);
#3651 = EDGE_LOOP('',(#3652,#3653,#3660,#3661));
#3652 = ORIENTED_EDGE('',*,*,#3630,.T.);
#3653 = ORIENTED_EDGE('',*,*,#3654,.T.);
#3654 = EDGE_CURVE('',#3622,#3614,#3655,.T.);
#3655 = CIRCLE('',#3656,1.5);
#3656 = AXIS2_PLACEMENT_3D('',#3657,#3658,#3659);
#3657 = CARTESIAN_POINT('',(116.98361696723,86.614046228092,
    9.004318008636E-02));
#3658 = DIRECTION('',(0.,0.,1.));
#3659 = DIRECTION('',(-1.,-1.110223024625E-16,0.));
#3660 = ORIENTED_EDGE('',*,*,#3611,.F.);
#3661 = ORIENTED_EDGE('',*,*,#3662,.F.);
#3662 = EDGE_CURVE('',#3631,#3612,#3663,.T.);
#3663 = CIRCLE('',#3664,1.5);
#3664 = AXIS2_PLACEMENT_3D('',#3665,#3666,#3667);
#3665 = CARTESIAN_POINT('',(116.98361696723,86.614046228092,0.));
#3666 = DIRECTION('',(0.,0.,1.));
#3667 = DIRECTION('',(-1.,-1.110223024625E-16,0.));
#3668 = CYLINDRICAL_SURFACE('',#3669,1.5);
#3669 = AXIS2_PLACEMENT_3D('',#3670,#3671,#3672);
#3670 = CARTESIAN_POINT('',(116.98361696723,86.614046228092,0.));
#3671 = DIRECTION('',(-0.,-0.,-1.));
#3672 = DIRECTION('',(-1.,-1.110223024625E-16,0.));
#3673 = ADVANCED_FACE('',(#3674,#3684,#3688,#3692,#3696,#3700,#3704,
    #3708,#3712,#3716,#3720,#3724,#3728,#3732,#3736,#3740,#3744,#3748,
    #3752,#3756,#3760,#3764,#3768,#3772,#3776,#3780,#3784,#3788,#3792,
    #3796,#3800,#3804,#3808,#3812,#3816,#3820,#3824,#3828,#3832,#3836,
    #3840,#3844,#3848,#3852,#3856,#3860,#3864,#3868,#3874,#3880),#3884,
  .T.);
#3674 = FACE_BOUND('',#3675,.T.);
#3675 = EDGE_LOOP('',(#3676,#3677,#3678,#3679,#3680,#3681,#3682,#3683));
#3676 = ORIENTED_EDGE('',*,*,#90,.T.);
#3677 = ORIENTED_EDGE('',*,*,#122,.T.);
#3678 = ORIENTED_EDGE('',*,*,#154,.T.);
#3679 = ORIENTED_EDGE('',*,*,#186,.T.);
#3680 = ORIENTED_EDGE('',*,*,#218,.T.);
#3681 = ORIENTED_EDGE('',*,*,#250,.T.);
#3682 = ORIENTED_EDGE('',*,*,#282,.T.);
#3683 = ORIENTED_EDGE('',*,*,#305,.T.);
#3684 = FACE_BOUND('',#3685,.T.);
#3685 = EDGE_LOOP('',(#3686,#3687));
#3686 = ORIENTED_EDGE('',*,*,#346,.T.);
#3687 = ORIENTED_EDGE('',*,*,#370,.T.);
#3688 = FACE_BOUND('',#3689,.T.);
#3689 = EDGE_LOOP('',(#3690,#3691));
#3690 = ORIENTED_EDGE('',*,*,#412,.T.);
#3691 = ORIENTED_EDGE('',*,*,#436,.T.);
#3692 = FACE_BOUND('',#3693,.T.);
#3693 = EDGE_LOOP('',(#3694,#3695));
#3694 = ORIENTED_EDGE('',*,*,#478,.T.);
#3695 = ORIENTED_EDGE('',*,*,#502,.T.);
#3696 = FACE_BOUND('',#3697,.T.);
#3697 = EDGE_LOOP('',(#3698,#3699));
#3698 = ORIENTED_EDGE('',*,*,#544,.T.);
#3699 = ORIENTED_EDGE('',*,*,#568,.T.);
#3700 = FACE_BOUND('',#3701,.T.);
#3701 = EDGE_LOOP('',(#3702,#3703));
#3702 = ORIENTED_EDGE('',*,*,#610,.T.);
#3703 = ORIENTED_EDGE('',*,*,#634,.T.);
#3704 = FACE_BOUND('',#3705,.T.);
#3705 = EDGE_LOOP('',(#3706,#3707));
#3706 = ORIENTED_EDGE('',*,*,#676,.T.);
#3707 = ORIENTED_EDGE('',*,*,#700,.T.);
#3708 = FACE_BOUND('',#3709,.T.);
#3709 = EDGE_LOOP('',(#3710,#3711));
#3710 = ORIENTED_EDGE('',*,*,#742,.T.);
#3711 = ORIENTED_EDGE('',*,*,#766,.T.);
#3712 = FACE_BOUND('',#3713,.T.);
#3713 = EDGE_LOOP('',(#3714,#3715));
#3714 = ORIENTED_EDGE('',*,*,#808,.T.);
#3715 = ORIENTED_EDGE('',*,*,#832,.T.);
#3716 = FACE_BOUND('',#3717,.T.);
#3717 = EDGE_LOOP('',(#3718,#3719));
#3718 = ORIENTED_EDGE('',*,*,#874,.T.);
#3719 = ORIENTED_EDGE('',*,*,#898,.T.);
#3720 = FACE_BOUND('',#3721,.T.);
#3721 = EDGE_LOOP('',(#3722,#3723));
#3722 = ORIENTED_EDGE('',*,*,#940,.T.);
#3723 = ORIENTED_EDGE('',*,*,#964,.T.);
#3724 = FACE_BOUND('',#3725,.T.);
#3725 = EDGE_LOOP('',(#3726,#3727));
#3726 = ORIENTED_EDGE('',*,*,#1006,.T.);
#3727 = ORIENTED_EDGE('',*,*,#1030,.T.);
#3728 = FACE_BOUND('',#3729,.T.);
#3729 = EDGE_LOOP('',(#3730,#3731));
#3730 = ORIENTED_EDGE('',*,*,#1072,.T.);
#3731 = ORIENTED_EDGE('',*,*,#1096,.T.);
#3732 = FACE_BOUND('',#3733,.T.);
#3733 = EDGE_LOOP('',(#3734,#3735));
#3734 = ORIENTED_EDGE('',*,*,#1138,.T.);
#3735 = ORIENTED_EDGE('',*,*,#1162,.T.);
#3736 = FACE_BOUND('',#3737,.T.);
#3737 = EDGE_LOOP('',(#3738,#3739));
#3738 = ORIENTED_EDGE('',*,*,#1204,.T.);
#3739 = ORIENTED_EDGE('',*,*,#1228,.T.);
#3740 = FACE_BOUND('',#3741,.T.);
#3741 = EDGE_LOOP('',(#3742,#3743));
#3742 = ORIENTED_EDGE('',*,*,#1270,.T.);
#3743 = ORIENTED_EDGE('',*,*,#1294,.T.);
#3744 = FACE_BOUND('',#3745,.T.);
#3745 = EDGE_LOOP('',(#3746,#3747));
#3746 = ORIENTED_EDGE('',*,*,#1336,.T.);
#3747 = ORIENTED_EDGE('',*,*,#1360,.T.);
#3748 = FACE_BOUND('',#3749,.T.);
#3749 = EDGE_LOOP('',(#3750,#3751));
#3750 = ORIENTED_EDGE('',*,*,#1402,.T.);
#3751 = ORIENTED_EDGE('',*,*,#1426,.T.);
#3752 = FACE_BOUND('',#3753,.T.);
#3753 = EDGE_LOOP('',(#3754,#3755));
#3754 = ORIENTED_EDGE('',*,*,#1468,.T.);
#3755 = ORIENTED_EDGE('',*,*,#1492,.T.);
#3756 = FACE_BOUND('',#3757,.T.);
#3757 = EDGE_LOOP('',(#3758,#3759));
#3758 = ORIENTED_EDGE('',*,*,#1534,.T.);
#3759 = ORIENTED_EDGE('',*,*,#1558,.T.);
#3760 = FACE_BOUND('',#3761,.T.);
#3761 = EDGE_LOOP('',(#3762,#3763));
#3762 = ORIENTED_EDGE('',*,*,#1600,.T.);
#3763 = ORIENTED_EDGE('',*,*,#1624,.T.);
#3764 = FACE_BOUND('',#3765,.T.);
#3765 = EDGE_LOOP('',(#3766,#3767));
#3766 = ORIENTED_EDGE('',*,*,#1666,.T.);
#3767 = ORIENTED_EDGE('',*,*,#1690,.T.);
#3768 = FACE_BOUND('',#3769,.T.);
#3769 = EDGE_LOOP('',(#3770,#3771));
#3770 = ORIENTED_EDGE('',*,*,#1732,.T.);
#3771 = ORIENTED_EDGE('',*,*,#1756,.T.);
#3772 = FACE_BOUND('',#3773,.T.);
#3773 = EDGE_LOOP('',(#3774,#3775));
#3774 = ORIENTED_EDGE('',*,*,#1798,.T.);
#3775 = ORIENTED_EDGE('',*,*,#1822,.T.);
#3776 = FACE_BOUND('',#3777,.T.);
#3777 = EDGE_LOOP('',(#3778,#3779));
#3778 = ORIENTED_EDGE('',*,*,#1864,.T.);
#3779 = ORIENTED_EDGE('',*,*,#1888,.T.);
#3780 = FACE_BOUND('',#3781,.T.);
#3781 = EDGE_LOOP('',(#3782,#3783));
#3782 = ORIENTED_EDGE('',*,*,#1930,.T.);
#3783 = ORIENTED_EDGE('',*,*,#1954,.T.);
#3784 = FACE_BOUND('',#3785,.T.);
#3785 = EDGE_LOOP('',(#3786,#3787));
#3786 = ORIENTED_EDGE('',*,*,#1996,.T.);
#3787 = ORIENTED_EDGE('',*,*,#2020,.T.);
#3788 = FACE_BOUND('',#3789,.T.);
#3789 = EDGE_LOOP('',(#3790,#3791));
#3790 = ORIENTED_EDGE('',*,*,#2062,.T.);
#3791 = ORIENTED_EDGE('',*,*,#2086,.T.);
#3792 = FACE_BOUND('',#3793,.T.);
#3793 = EDGE_LOOP('',(#3794,#3795));
#3794 = ORIENTED_EDGE('',*,*,#2128,.T.);
#3795 = ORIENTED_EDGE('',*,*,#2152,.T.);
#3796 = FACE_BOUND('',#3797,.T.);
#3797 = EDGE_LOOP('',(#3798,#3799));
#3798 = ORIENTED_EDGE('',*,*,#2194,.T.);
#3799 = ORIENTED_EDGE('',*,*,#2218,.T.);
#3800 = FACE_BOUND('',#3801,.T.);
#3801 = EDGE_LOOP('',(#3802,#3803));
#3802 = ORIENTED_EDGE('',*,*,#2260,.T.);
#3803 = ORIENTED_EDGE('',*,*,#2284,.T.);
#3804 = FACE_BOUND('',#3805,.T.);
#3805 = EDGE_LOOP('',(#3806,#3807));
#3806 = ORIENTED_EDGE('',*,*,#2326,.T.);
#3807 = ORIENTED_EDGE('',*,*,#2350,.T.);
#3808 = FACE_BOUND('',#3809,.T.);
#3809 = EDGE_LOOP('',(#3810,#3811));
#3810 = ORIENTED_EDGE('',*,*,#2392,.T.);
#3811 = ORIENTED_EDGE('',*,*,#2416,.T.);
#3812 = FACE_BOUND('',#3813,.T.);
#3813 = EDGE_LOOP('',(#3814,#3815));
#3814 = ORIENTED_EDGE('',*,*,#2458,.T.);
#3815 = ORIENTED_EDGE('',*,*,#2482,.T.);
#3816 = FACE_BOUND('',#3817,.T.);
#3817 = EDGE_LOOP('',(#3818,#3819));
#3818 = ORIENTED_EDGE('',*,*,#2524,.T.);
#3819 = ORIENTED_EDGE('',*,*,#2548,.T.);
#3820 = FACE_BOUND('',#3821,.T.);
#3821 = EDGE_LOOP('',(#3822,#3823));
#3822 = ORIENTED_EDGE('',*,*,#2590,.T.);
#3823 = ORIENTED_EDGE('',*,*,#2614,.T.);
#3824 = FACE_BOUND('',#3825,.T.);
#3825 = EDGE_LOOP('',(#3826,#3827));
#3826 = ORIENTED_EDGE('',*,*,#2656,.T.);
#3827 = ORIENTED_EDGE('',*,*,#2680,.T.);
#3828 = FACE_BOUND('',#3829,.T.);
#3829 = EDGE_LOOP('',(#3830,#3831));
#3830 = ORIENTED_EDGE('',*,*,#2722,.T.);
#3831 = ORIENTED_EDGE('',*,*,#2746,.T.);
#3832 = FACE_BOUND('',#3833,.T.);
#3833 = EDGE_LOOP('',(#3834,#3835));
#3834 = ORIENTED_EDGE('',*,*,#2788,.T.);
#3835 = ORIENTED_EDGE('',*,*,#2812,.T.);
#3836 = FACE_BOUND('',#3837,.T.);
#3837 = EDGE_LOOP('',(#3838,#3839));
#3838 = ORIENTED_EDGE('',*,*,#2854,.T.);
#3839 = ORIENTED_EDGE('',*,*,#2878,.T.);
#3840 = FACE_BOUND('',#3841,.T.);
#3841 = EDGE_LOOP('',(#3842,#3843));
#3842 = ORIENTED_EDGE('',*,*,#2920,.T.);
#3843 = ORIENTED_EDGE('',*,*,#2944,.T.);
#3844 = FACE_BOUND('',#3845,.T.);
#3845 = EDGE_LOOP('',(#3846,#3847));
#3846 = ORIENTED_EDGE('',*,*,#2986,.T.);
#3847 = ORIENTED_EDGE('',*,*,#3010,.T.);
#3848 = FACE_BOUND('',#3849,.T.);
#3849 = EDGE_LOOP('',(#3850,#3851));
#3850 = ORIENTED_EDGE('',*,*,#3052,.T.);
#3851 = ORIENTED_EDGE('',*,*,#3076,.T.);
#3852 = FACE_BOUND('',#3853,.T.);
#3853 = EDGE_LOOP('',(#3854,#3855));
#3854 = ORIENTED_EDGE('',*,*,#3118,.T.);
#3855 = ORIENTED_EDGE('',*,*,#3142,.T.);
#3856 = FACE_BOUND('',#3857,.T.);
#3857 = EDGE_LOOP('',(#3858,#3859));
#3858 = ORIENTED_EDGE('',*,*,#3184,.T.);
#3859 = ORIENTED_EDGE('',*,*,#3208,.T.);
#3860 = FACE_BOUND('',#3861,.T.);
#3861 = EDGE_LOOP('',(#3862,#3863));
#3862 = ORIENTED_EDGE('',*,*,#3250,.T.);
#3863 = ORIENTED_EDGE('',*,*,#3274,.T.);
#3864 = FACE_BOUND('',#3865,.T.);
#3865 = EDGE_LOOP('',(#3866,#3867));
#3866 = ORIENTED_EDGE('',*,*,#3316,.T.);
#3867 = ORIENTED_EDGE('',*,*,#3340,.T.);
#3868 = FACE_BOUND('',#3869,.T.);
#3869 = EDGE_LOOP('',(#3870,#3871,#3872,#3873));
#3870 = ORIENTED_EDGE('',*,*,#3381,.T.);
#3871 = ORIENTED_EDGE('',*,*,#3413,.T.);
#3872 = ORIENTED_EDGE('',*,*,#3445,.T.);
#3873 = ORIENTED_EDGE('',*,*,#3468,.T.);
#3874 = FACE_BOUND('',#3875,.T.);
#3875 = EDGE_LOOP('',(#3876,#3877,#3878,#3879));
#3876 = ORIENTED_EDGE('',*,*,#3509,.T.);
#3877 = ORIENTED_EDGE('',*,*,#3541,.T.);
#3878 = ORIENTED_EDGE('',*,*,#3573,.T.);
#3879 = ORIENTED_EDGE('',*,*,#3596,.T.);
#3880 = FACE_BOUND('',#3881,.T.);
#3881 = EDGE_LOOP('',(#3882,#3883));
#3882 = ORIENTED_EDGE('',*,*,#3638,.T.);
#3883 = ORIENTED_EDGE('',*,*,#3662,.T.);
#3884 = PLANE('',#3885);
#3885 = AXIS2_PLACEMENT_3D('',#3886,#3887,#3888);
#3886 = CARTESIAN_POINT('',(66.995697277412,86.677379189265,0.));
#3887 = DIRECTION('',(-0.,-0.,-1.));
#3888 = DIRECTION('',(-1.,0.,0.));
#3889 = ADVANCED_FACE('',(#3890,#3900,#3904,#3908,#3912,#3916,#3920,
    #3924,#3928,#3932,#3936,#3940,#3944,#3948,#3952,#3956,#3960,#3964,
    #3968,#3972,#3976,#3980,#3984,#3988,#3992,#3996,#4000,#4004,#4008,
    #4012,#4016,#4020,#4024,#4028,#4032,#4036,#4040,#4044,#4048,#4052,
    #4056,#4060,#4064,#4068,#4072,#4076,#4080,#4084,#4090,#4096),#4100,
  .F.);
#3890 = FACE_BOUND('',#3891,.F.);
#3891 = EDGE_LOOP('',(#3892,#3893,#3894,#3895,#3896,#3897,#3898,#3899));
#3892 = ORIENTED_EDGE('',*,*,#73,.T.);
#3893 = ORIENTED_EDGE('',*,*,#106,.T.);
#3894 = ORIENTED_EDGE('',*,*,#137,.T.);
#3895 = ORIENTED_EDGE('',*,*,#170,.T.);
#3896 = ORIENTED_EDGE('',*,*,#201,.T.);
#3897 = ORIENTED_EDGE('',*,*,#234,.T.);
#3898 = ORIENTED_EDGE('',*,*,#265,.T.);
#3899 = ORIENTED_EDGE('',*,*,#298,.T.);
#3900 = FACE_BOUND('',#3901,.F.);
#3901 = EDGE_LOOP('',(#3902,#3903));
#3902 = ORIENTED_EDGE('',*,*,#329,.T.);
#3903 = ORIENTED_EDGE('',*,*,#362,.T.);
#3904 = FACE_BOUND('',#3905,.F.);
#3905 = EDGE_LOOP('',(#3906,#3907));
#3906 = ORIENTED_EDGE('',*,*,#395,.T.);
#3907 = ORIENTED_EDGE('',*,*,#428,.T.);
#3908 = FACE_BOUND('',#3909,.F.);
#3909 = EDGE_LOOP('',(#3910,#3911));
#3910 = ORIENTED_EDGE('',*,*,#461,.T.);
#3911 = ORIENTED_EDGE('',*,*,#494,.T.);
#3912 = FACE_BOUND('',#3913,.F.);
#3913 = EDGE_LOOP('',(#3914,#3915));
#3914 = ORIENTED_EDGE('',*,*,#527,.T.);
#3915 = ORIENTED_EDGE('',*,*,#560,.T.);
#3916 = FACE_BOUND('',#3917,.F.);
#3917 = EDGE_LOOP('',(#3918,#3919));
#3918 = ORIENTED_EDGE('',*,*,#593,.T.);
#3919 = ORIENTED_EDGE('',*,*,#626,.T.);
#3920 = FACE_BOUND('',#3921,.F.);
#3921 = EDGE_LOOP('',(#3922,#3923));
#3922 = ORIENTED_EDGE('',*,*,#659,.T.);
#3923 = ORIENTED_EDGE('',*,*,#692,.T.);
#3924 = FACE_BOUND('',#3925,.F.);
#3925 = EDGE_LOOP('',(#3926,#3927));
#3926 = ORIENTED_EDGE('',*,*,#725,.T.);
#3927 = ORIENTED_EDGE('',*,*,#758,.T.);
#3928 = FACE_BOUND('',#3929,.F.);
#3929 = EDGE_LOOP('',(#3930,#3931));
#3930 = ORIENTED_EDGE('',*,*,#791,.T.);
#3931 = ORIENTED_EDGE('',*,*,#824,.T.);
#3932 = FACE_BOUND('',#3933,.F.);
#3933 = EDGE_LOOP('',(#3934,#3935));
#3934 = ORIENTED_EDGE('',*,*,#857,.T.);
#3935 = ORIENTED_EDGE('',*,*,#890,.T.);
#3936 = FACE_BOUND('',#3937,.F.);
#3937 = EDGE_LOOP('',(#3938,#3939));
#3938 = ORIENTED_EDGE('',*,*,#923,.T.);
#3939 = ORIENTED_EDGE('',*,*,#956,.T.);
#3940 = FACE_BOUND('',#3941,.F.);
#3941 = EDGE_LOOP('',(#3942,#3943));
#3942 = ORIENTED_EDGE('',*,*,#989,.T.);
#3943 = ORIENTED_EDGE('',*,*,#1022,.T.);
#3944 = FACE_BOUND('',#3945,.F.);
#3945 = EDGE_LOOP('',(#3946,#3947));
#3946 = ORIENTED_EDGE('',*,*,#1055,.T.);
#3947 = ORIENTED_EDGE('',*,*,#1088,.T.);
#3948 = FACE_BOUND('',#3949,.F.);
#3949 = EDGE_LOOP('',(#3950,#3951));
#3950 = ORIENTED_EDGE('',*,*,#1121,.T.);
#3951 = ORIENTED_EDGE('',*,*,#1154,.T.);
#3952 = FACE_BOUND('',#3953,.F.);
#3953 = EDGE_LOOP('',(#3954,#3955));
#3954 = ORIENTED_EDGE('',*,*,#1187,.T.);
#3955 = ORIENTED_EDGE('',*,*,#1220,.T.);
#3956 = FACE_BOUND('',#3957,.F.);
#3957 = EDGE_LOOP('',(#3958,#3959));
#3958 = ORIENTED_EDGE('',*,*,#1253,.T.);
#3959 = ORIENTED_EDGE('',*,*,#1286,.T.);
#3960 = FACE_BOUND('',#3961,.F.);
#3961 = EDGE_LOOP('',(#3962,#3963));
#3962 = ORIENTED_EDGE('',*,*,#1319,.T.);
#3963 = ORIENTED_EDGE('',*,*,#1352,.T.);
#3964 = FACE_BOUND('',#3965,.F.);
#3965 = EDGE_LOOP('',(#3966,#3967));
#3966 = ORIENTED_EDGE('',*,*,#1385,.T.);
#3967 = ORIENTED_EDGE('',*,*,#1418,.T.);
#3968 = FACE_BOUND('',#3969,.F.);
#3969 = EDGE_LOOP('',(#3970,#3971));
#3970 = ORIENTED_EDGE('',*,*,#1451,.T.);
#3971 = ORIENTED_EDGE('',*,*,#1484,.T.);
#3972 = FACE_BOUND('',#3973,.F.);
#3973 = EDGE_LOOP('',(#3974,#3975));
#3974 = ORIENTED_EDGE('',*,*,#1517,.T.);
#3975 = ORIENTED_EDGE('',*,*,#1550,.T.);
#3976 = FACE_BOUND('',#3977,.F.);
#3977 = EDGE_LOOP('',(#3978,#3979));
#3978 = ORIENTED_EDGE('',*,*,#1583,.T.);
#3979 = ORIENTED_EDGE('',*,*,#1616,.T.);
#3980 = FACE_BOUND('',#3981,.F.);
#3981 = EDGE_LOOP('',(#3982,#3983));
#3982 = ORIENTED_EDGE('',*,*,#1649,.T.);
#3983 = ORIENTED_EDGE('',*,*,#1682,.T.);
#3984 = FACE_BOUND('',#3985,.F.);
#3985 = EDGE_LOOP('',(#3986,#3987));
#3986 = ORIENTED_EDGE('',*,*,#1715,.T.);
#3987 = ORIENTED_EDGE('',*,*,#1748,.T.);
#3988 = FACE_BOUND('',#3989,.F.);
#3989 = EDGE_LOOP('',(#3990,#3991));
#3990 = ORIENTED_EDGE('',*,*,#1781,.T.);
#3991 = ORIENTED_EDGE('',*,*,#1814,.T.);
#3992 = FACE_BOUND('',#3993,.F.);
#3993 = EDGE_LOOP('',(#3994,#3995));
#3994 = ORIENTED_EDGE('',*,*,#1847,.T.);
#3995 = ORIENTED_EDGE('',*,*,#1880,.T.);
#3996 = FACE_BOUND('',#3997,.F.);
#3997 = EDGE_LOOP('',(#3998,#3999));
#3998 = ORIENTED_EDGE('',*,*,#1913,.T.);
#3999 = ORIENTED_EDGE('',*,*,#1946,.T.);
#4000 = FACE_BOUND('',#4001,.F.);
#4001 = EDGE_LOOP('',(#4002,#4003));
#4002 = ORIENTED_EDGE('',*,*,#1979,.T.);
#4003 = ORIENTED_EDGE('',*,*,#2012,.T.);
#4004 = FACE_BOUND('',#4005,.F.);
#4005 = EDGE_LOOP('',(#4006,#4007));
#4006 = ORIENTED_EDGE('',*,*,#2045,.T.);
#4007 = ORIENTED_EDGE('',*,*,#2078,.T.);
#4008 = FACE_BOUND('',#4009,.F.);
#4009 = EDGE_LOOP('',(#4010,#4011));
#4010 = ORIENTED_EDGE('',*,*,#2111,.T.);
#4011 = ORIENTED_EDGE('',*,*,#2144,.T.);
#4012 = FACE_BOUND('',#4013,.F.);
#4013 = EDGE_LOOP('',(#4014,#4015));
#4014 = ORIENTED_EDGE('',*,*,#2177,.T.);
#4015 = ORIENTED_EDGE('',*,*,#2210,.T.);
#4016 = FACE_BOUND('',#4017,.F.);
#4017 = EDGE_LOOP('',(#4018,#4019));
#4018 = ORIENTED_EDGE('',*,*,#2243,.T.);
#4019 = ORIENTED_EDGE('',*,*,#2276,.T.);
#4020 = FACE_BOUND('',#4021,.F.);
#4021 = EDGE_LOOP('',(#4022,#4023));
#4022 = ORIENTED_EDGE('',*,*,#2309,.T.);
#4023 = ORIENTED_EDGE('',*,*,#2342,.T.);
#4024 = FACE_BOUND('',#4025,.F.);
#4025 = EDGE_LOOP('',(#4026,#4027));
#4026 = ORIENTED_EDGE('',*,*,#2375,.T.);
#4027 = ORIENTED_EDGE('',*,*,#2408,.T.);
#4028 = FACE_BOUND('',#4029,.F.);
#4029 = EDGE_LOOP('',(#4030,#4031));
#4030 = ORIENTED_EDGE('',*,*,#2441,.T.);
#4031 = ORIENTED_EDGE('',*,*,#2474,.T.);
#4032 = FACE_BOUND('',#4033,.F.);
#4033 = EDGE_LOOP('',(#4034,#4035));
#4034 = ORIENTED_EDGE('',*,*,#2507,.T.);
#4035 = ORIENTED_EDGE('',*,*,#2540,.T.);
#4036 = FACE_BOUND('',#4037,.F.);
#4037 = EDGE_LOOP('',(#4038,#4039));
#4038 = ORIENTED_EDGE('',*,*,#2573,.T.);
#4039 = ORIENTED_EDGE('',*,*,#2606,.T.);
#4040 = FACE_BOUND('',#4041,.F.);
#4041 = EDGE_LOOP('',(#4042,#4043));
#4042 = ORIENTED_EDGE('',*,*,#2639,.T.);
#4043 = ORIENTED_EDGE('',*,*,#2672,.T.);
#4044 = FACE_BOUND('',#4045,.F.);
#4045 = EDGE_LOOP('',(#4046,#4047));
#4046 = ORIENTED_EDGE('',*,*,#2705,.T.);
#4047 = ORIENTED_EDGE('',*,*,#2738,.T.);
#4048 = FACE_BOUND('',#4049,.F.);
#4049 = EDGE_LOOP('',(#4050,#4051));
#4050 = ORIENTED_EDGE('',*,*,#2771,.T.);
#4051 = ORIENTED_EDGE('',*,*,#2804,.T.);
#4052 = FACE_BOUND('',#4053,.F.);
#4053 = EDGE_LOOP('',(#4054,#4055));
#4054 = ORIENTED_EDGE('',*,*,#2837,.T.);
#4055 = ORIENTED_EDGE('',*,*,#2870,.T.);
#4056 = FACE_BOUND('',#4057,.F.);
#4057 = EDGE_LOOP('',(#4058,#4059));
#4058 = ORIENTED_EDGE('',*,*,#2903,.T.);
#4059 = ORIENTED_EDGE('',*,*,#2936,.T.);
#4060 = FACE_BOUND('',#4061,.F.);
#4061 = EDGE_LOOP('',(#4062,#4063));
#4062 = ORIENTED_EDGE('',*,*,#2969,.T.);
#4063 = ORIENTED_EDGE('',*,*,#3002,.T.);
#4064 = FACE_BOUND('',#4065,.F.);
#4065 = EDGE_LOOP('',(#4066,#4067));
#4066 = ORIENTED_EDGE('',*,*,#3035,.T.);
#4067 = ORIENTED_EDGE('',*,*,#3068,.T.);
#4068 = FACE_BOUND('',#4069,.F.);
#4069 = EDGE_LOOP('',(#4070,#4071));
#4070 = ORIENTED_EDGE('',*,*,#3101,.T.);
#4071 = ORIENTED_EDGE('',*,*,#3134,.T.);
#4072 = FACE_BOUND('',#4073,.F.);
#4073 = EDGE_LOOP('',(#4074,#4075));
#4074 = ORIENTED_EDGE('',*,*,#3167,.T.);
#4075 = ORIENTED_EDGE('',*,*,#3200,.T.);
#4076 = FACE_BOUND('',#4077,.F.);
#4077 = EDGE_LOOP('',(#4078,#4079));
#4078 = ORIENTED_EDGE('',*,*,#3233,.T.);
#4079 = ORIENTED_EDGE('',*,*,#3266,.T.);
#4080 = FACE_BOUND('',#4081,.F.);
#4081 = EDGE_LOOP('',(#4082,#4083));
#4082 = ORIENTED_EDGE('',*,*,#3299,.T.);
#4083 = ORIENTED_EDGE('',*,*,#3332,.T.);
#4084 = FACE_BOUND('',#4085,.F.);
#4085 = EDGE_LOOP('',(#4086,#4087,#4088,#4089));
#4086 = ORIENTED_EDGE('',*,*,#3365,.T.);
#4087 = ORIENTED_EDGE('',*,*,#3396,.T.);
#4088 = ORIENTED_EDGE('',*,*,#3429,.T.);
#4089 = ORIENTED_EDGE('',*,*,#3460,.T.);
#4090 = FACE_BOUND('',#4091,.F.);
#4091 = EDGE_LOOP('',(#4092,#4093,#4094,#4095));
#4092 = ORIENTED_EDGE('',*,*,#3493,.T.);
#4093 = ORIENTED_EDGE('',*,*,#3524,.T.);
#4094 = ORIENTED_EDGE('',*,*,#3557,.T.);
#4095 = ORIENTED_EDGE('',*,*,#3588,.T.);
#4096 = FACE_BOUND('',#4097,.F.);
#4097 = EDGE_LOOP('',(#4098,#4099));
#4098 = ORIENTED_EDGE('',*,*,#3621,.T.);
#4099 = ORIENTED_EDGE('',*,*,#3654,.T.);
#4100 = PLANE('',#4101);
#4101 = AXIS2_PLACEMENT_3D('',#4102,#4103,#4104);
#4102 = CARTESIAN_POINT('',(66.995697277412,86.677379189265,
    9.004318008636E-02));
#4103 = DIRECTION('',(-0.,-0.,-1.));
#4104 = DIRECTION('',(-1.,0.,0.));
#4105 = ( GEOMETRIC_REPRESENTATION_CONTEXT(3) 
GLOBAL_UNCERTAINTY_ASSIGNED_CONTEXT((#4109)) 
GLOBAL_UNIT_ASSIGNED_CONTEXT((#4106,#4107,#4108)) REPRESENTATION_CONTEXT
('Context #1','3D Context with UNIT and UNCERTAINTY') );
#4106 = ( LENGTH_UNIT() NAMED_UNIT(*) SI_UNIT(.MILLI.,.METRE.) );
#4107 = ( NAMED_UNIT(*) PLANE_ANGLE_UNIT() SI_UNIT($,.RADIAN.) );
#4108 = ( NAMED_UNIT(*) SI_UNIT($,.STERADIAN.) SOLID_ANGLE_UNIT() );
#4109 = UNCERTAINTY_MEASURE_WITH_UNIT(LENGTH_MEASURE(1.E-07),#4106,
  'distance_accuracy_value','confusion accuracy');
#4110 = CONTEXT_DEPENDENT_SHAPE_REPRESENTATION(#4111,#4113);
#4111 = ( REPRESENTATION_RELATIONSHIP('','',#56,#10) 
REPRESENTATION_RELATIONSHIP_WITH_TRANSFORMATION(#4112) 
SHAPE_REPRESENTATION_RELATIONSHIP() );
#4112 = ITEM_DEFINED_TRANSFORMATION('','',#11,#15);
#4113 = PRODUCT_DEFINITION_SHAPE('Placement','Placement of an item',
  #4114);
#4114 = NEXT_ASSEMBLY_USAGE_OCCURRENCE('1','=>[0:1:1:2]','',#5,#51,$);
#4115 = PRODUCT_RELATED_PRODUCT_CATEGORY('part',$,(#53));
#4116 = SHAPE_DEFINITION_REPRESENTATION(#4117,#4123);
#4117 = PRODUCT_DEFINITION_SHAPE('','',#4118);
#4118 = PRODUCT_DEFINITION('design','',#4119,#4122);
#4119 = PRODUCT_DEFINITION_FORMATION('','',#4120);
#4120 = PRODUCT('TopCopper~fjnO','TopCopper~fjnO','',(#4121));
#4121 = PRODUCT_CONTEXT('',#2,'mechanical');
#4122 = PRODUCT_DEFINITION_CONTEXT('part definition',#2,'design');
#4123 = SHAPE_REPRESENTATION('',(#11),#4124);
#4124 = ( GEOMETRIC_REPRESENTATION_CONTEXT(3) 
GLOBAL_UNCERTAINTY_ASSIGNED_CONTEXT((#4128)) 
GLOBAL_UNIT_ASSIGNED_CONTEXT((#4125,#4126,#4127)) REPRESENTATION_CONTEXT
('Context #1','3D Context with UNIT and UNCERTAINTY') );
#4125 = ( LENGTH_UNIT() NAMED_UNIT(*) SI_UNIT(.MILLI.,.METRE.) );
#4126 = ( NAMED_UNIT(*) PLANE_ANGLE_UNIT() SI_UNIT($,.RADIAN.) );
#4127 = ( NAMED_UNIT(*) SI_UNIT($,.STERADIAN.) SOLID_ANGLE_UNIT() );
#4128 = UNCERTAINTY_MEASURE_WITH_UNIT(LENGTH_MEASURE(1.E-07),#4125,
  'distance_accuracy_value','confusion accuracy');
#4129 = CONTEXT_DEPENDENT_SHAPE_REPRESENTATION(#4130,#4132);
#4130 = ( REPRESENTATION_RELATIONSHIP('','',#4123,#10) 
REPRESENTATION_RELATIONSHIP_WITH_TRANSFORMATION(#4131) 
SHAPE_REPRESENTATION_RELATIONSHIP() );
#4131 = ITEM_DEFINED_TRANSFORMATION('','',#11,#19);
#4132 = PRODUCT_DEFINITION_SHAPE('Placement','Placement of an item',
  #4133);
#4133 = NEXT_ASSEMBLY_USAGE_OCCURRENCE('2','=>[0:1:1:3]','',#5,#4118,$);
#4134 = PRODUCT_RELATED_PRODUCT_CATEGORY('part',$,(#4120));
#4135 = SHAPE_DEFINITION_REPRESENTATION(#4136,#4142);
#4136 = PRODUCT_DEFINITION_SHAPE('','',#4137);
#4137 = PRODUCT_DEFINITION('design','',#4138,#4141);
#4138 = PRODUCT_DEFINITION_FORMATION('','',#4139);
#4139 = PRODUCT('BottomCopper~fjnO','BottomCopper~fjnO','',(#4140));
#4140 = PRODUCT_CONTEXT('',#2,'mechanical');
#4141 = PRODUCT_DEFINITION_CONTEXT('part definition',#2,'design');
#4142 = SHAPE_REPRESENTATION('',(#11),#4143);
#4143 = ( GEOMETRIC_REPRESENTATION_CONTEXT(3) 
GLOBAL_UNCERTAINTY_ASSIGNED_CONTEXT((#4147)) 
GLOBAL_UNIT_ASSIGNED_CONTEXT((#4144,#4145,#4146)) REPRESENTATION_CONTEXT
('Context #1','3D Context with UNIT and UNCERTAINTY') );
#4144 = ( LENGTH_UNIT() NAMED_UNIT(*) SI_UNIT(.MILLI.,.METRE.) );
#4145 = ( NAMED_UNIT(*) PLANE_ANGLE_UNIT() SI_UNIT($,.RADIAN.) );
#4146 = ( NAMED_UNIT(*) SI_UNIT($,.STERADIAN.) SOLID_ANGLE_UNIT() );
#4147 = UNCERTAINTY_MEASURE_WITH_UNIT(LENGTH_MEASURE(1.E-07),#4144,
  'distance_accuracy_value','confusion accuracy');
#4148 = CONTEXT_DEPENDENT_SHAPE_REPRESENTATION(#4149,#4151);
#4149 = ( REPRESENTATION_RELATIONSHIP('','',#4142,#10) 
REPRESENTATION_RELATIONSHIP_WITH_TRANSFORMATION(#4150) 
SHAPE_REPRESENTATION_RELATIONSHIP() );
#4150 = ITEM_DEFINED_TRANSFORMATION('','',#11,#23);
#4151 = PRODUCT_DEFINITION_SHAPE('Placement','Placement of an item',
  #4152);
#4152 = NEXT_ASSEMBLY_USAGE_OCCURRENCE('3','=>[0:1:1:4]','',#5,#4137,$);
#4153 = PRODUCT_RELATED_PRODUCT_CATEGORY('part',$,(#4139));
#4154 = SHAPE_DEFINITION_REPRESENTATION(#4155,#4161);
#4155 = PRODUCT_DEFINITION_SHAPE('','',#4156);
#4156 = PRODUCT_DEFINITION('design','',#4157,#4160);
#4157 = PRODUCT_DEFINITION_FORMATION('','',#4158);
#4158 = PRODUCT('TopSilkscreen~fjnO','TopSilkscreen~fjnO','',(#4159));
#4159 = PRODUCT_CONTEXT('',#2,'mechanical');
#4160 = PRODUCT_DEFINITION_CONTEXT('part definition',#2,'design');
#4161 = SHAPE_REPRESENTATION('',(#11),#4162);
#4162 = ( GEOMETRIC_REPRESENTATION_CONTEXT(3) 
GLOBAL_UNCERTAINTY_ASSIGNED_CONTEXT((#4166)) 
GLOBAL_UNIT_ASSIGNED_CONTEXT((#4163,#4164,#4165)) REPRESENTATION_CONTEXT
('Context #1','3D Context with UNIT and UNCERTAINTY') );
#4163 = ( LENGTH_UNIT() NAMED_UNIT(*) SI_UNIT(.MILLI.,.METRE.) );
#4164 = ( NAMED_UNIT(*) PLANE_ANGLE_UNIT() SI_UNIT($,.RADIAN.) );
#4165 = ( NAMED_UNIT(*) SI_UNIT($,.STERADIAN.) SOLID_ANGLE_UNIT() );
#4166 = UNCERTAINTY_MEASURE_WITH_UNIT(LENGTH_MEASURE(1.E-07),#4163,
  'distance_accuracy_value','confusion accuracy');
#4167 = CONTEXT_DEPENDENT_SHAPE_REPRESENTATION(#4168,#4170);
#4168 = ( REPRESENTATION_RELATIONSHIP('','',#4161,#10) 
REPRESENTATION_RELATIONSHIP_WITH_TRANSFORMATION(#4169) 
SHAPE_REPRESENTATION_RELATIONSHIP() );
#4169 = ITEM_DEFINED_TRANSFORMATION('','',#11,#27);
#4170 = PRODUCT_DEFINITION_SHAPE('Placement','Placement of an item',
  #4171);
#4171 = NEXT_ASSEMBLY_USAGE_OCCURRENCE('4','=>[0:1:1:5]','',#5,#4156,$);
#4172 = PRODUCT_RELATED_PRODUCT_CATEGORY('part',$,(#4158));
#4173 = SHAPE_DEFINITION_REPRESENTATION(#4174,#4180);
#4174 = PRODUCT_DEFINITION_SHAPE('','',#4175);
#4175 = PRODUCT_DEFINITION('design','',#4176,#4179);
#4176 = PRODUCT_DEFINITION_FORMATION('','',#4177);
#4177 = PRODUCT('BottomSilkscreen~fjnO','BottomSilkscreen~fjnO','',(
    #4178));
#4178 = PRODUCT_CONTEXT('',#2,'mechanical');
#4179 = PRODUCT_DEFINITION_CONTEXT('part definition',#2,'design');
#4180 = SHAPE_REPRESENTATION('',(#11),#4181);
#4181 = ( GEOMETRIC_REPRESENTATION_CONTEXT(3) 
GLOBAL_UNCERTAINTY_ASSIGNED_CONTEXT((#4185)) 
GLOBAL_UNIT_ASSIGNED_CONTEXT((#4182,#4183,#4184)) REPRESENTATION_CONTEXT
('Context #1','3D Context with UNIT and UNCERTAINTY') );
#4182 = ( LENGTH_UNIT() NAMED_UNIT(*) SI_UNIT(.MILLI.,.METRE.) );
#4183 = ( NAMED_UNIT(*) PLANE_ANGLE_UNIT() SI_UNIT($,.RADIAN.) );
#4184 = ( NAMED_UNIT(*) SI_UNIT($,.STERADIAN.) SOLID_ANGLE_UNIT() );
#4185 = UNCERTAINTY_MEASURE_WITH_UNIT(LENGTH_MEASURE(1.E-07),#4182,
  'distance_accuracy_value','confusion accuracy');
#4186 = CONTEXT_DEPENDENT_SHAPE_REPRESENTATION(#4187,#4189);
#4187 = ( REPRESENTATION_RELATIONSHIP('','',#4180,#10) 
REPRESENTATION_RELATIONSHIP_WITH_TRANSFORMATION(#4188) 
SHAPE_REPRESENTATION_RELATIONSHIP() );
#4188 = ITEM_DEFINED_TRANSFORMATION('','',#11,#31);
#4189 = PRODUCT_DEFINITION_SHAPE('Placement','Placement of an item',
  #4190);
#4190 = NEXT_ASSEMBLY_USAGE_OCCURRENCE('5','=>[0:1:1:6]','',#5,#4175,$);
#4191 = PRODUCT_RELATED_PRODUCT_CATEGORY('part',$,(#4177));
#4192 = SHAPE_DEFINITION_REPRESENTATION(#4193,#4199);
#4193 = PRODUCT_DEFINITION_SHAPE('','',#4194);
#4194 = PRODUCT_DEFINITION('design','',#4195,#4198);
#4195 = PRODUCT_DEFINITION_FORMATION('','',#4196);
#4196 = PRODUCT('TopFpcStiffener~fjnO','TopFpcStiffener~fjnO','',(#4197)
  );
#4197 = PRODUCT_CONTEXT('',#2,'mechanical');
#4198 = PRODUCT_DEFINITION_CONTEXT('part definition',#2,'design');
#4199 = SHAPE_REPRESENTATION('',(#11),#4200);
#4200 = ( GEOMETRIC_REPRESENTATION_CONTEXT(3) 
GLOBAL_UNCERTAINTY_ASSIGNED_CONTEXT((#4204)) 
GLOBAL_UNIT_ASSIGNED_CONTEXT((#4201,#4202,#4203)) REPRESENTATION_CONTEXT
('Context #1','3D Context with UNIT and UNCERTAINTY') );
#4201 = ( LENGTH_UNIT() NAMED_UNIT(*) SI_UNIT(.MILLI.,.METRE.) );
#4202 = ( NAMED_UNIT(*) PLANE_ANGLE_UNIT() SI_UNIT($,.RADIAN.) );
#4203 = ( NAMED_UNIT(*) SI_UNIT($,.STERADIAN.) SOLID_ANGLE_UNIT() );
#4204 = UNCERTAINTY_MEASURE_WITH_UNIT(LENGTH_MEASURE(1.E-07),#4201,
  'distance_accuracy_value','confusion accuracy');
#4205 = CONTEXT_DEPENDENT_SHAPE_REPRESENTATION(#4206,#4208);
#4206 = ( REPRESENTATION_RELATIONSHIP('','',#4199,#10) 
REPRESENTATION_RELATIONSHIP_WITH_TRANSFORMATION(#4207) 
SHAPE_REPRESENTATION_RELATIONSHIP() );
#4207 = ITEM_DEFINED_TRANSFORMATION('','',#11,#35);
#4208 = PRODUCT_DEFINITION_SHAPE('Placement','Placement of an item',
  #4209);
#4209 = NEXT_ASSEMBLY_USAGE_OCCURRENCE('6','=>[0:1:1:7]','',#5,#4194,$);
#4210 = PRODUCT_RELATED_PRODUCT_CATEGORY('part',$,(#4196));
#4211 = SHAPE_DEFINITION_REPRESENTATION(#4212,#4218);
#4212 = PRODUCT_DEFINITION_SHAPE('','',#4213);
#4213 = PRODUCT_DEFINITION('design','',#4214,#4217);
#4214 = PRODUCT_DEFINITION_FORMATION('','',#4215);
#4215 = PRODUCT('BottomFpcStiffener~fjnO','BottomFpcStiffener~fjnO','',(
    #4216));
#4216 = PRODUCT_CONTEXT('',#2,'mechanical');
#4217 = PRODUCT_DEFINITION_CONTEXT('part definition',#2,'design');
#4218 = SHAPE_REPRESENTATION('',(#11),#4219);
#4219 = ( GEOMETRIC_REPRESENTATION_CONTEXT(3) 
GLOBAL_UNCERTAINTY_ASSIGNED_CONTEXT((#4223)) 
GLOBAL_UNIT_ASSIGNED_CONTEXT((#4220,#4221,#4222)) REPRESENTATION_CONTEXT
('Context #1','3D Context with UNIT and UNCERTAINTY') );
#4220 = ( LENGTH_UNIT() NAMED_UNIT(*) SI_UNIT(.MILLI.,.METRE.) );
#4221 = ( NAMED_UNIT(*) PLANE_ANGLE_UNIT() SI_UNIT($,.RADIAN.) );
#4222 = ( NAMED_UNIT(*) SI_UNIT($,.STERADIAN.) SOLID_ANGLE_UNIT() );
#4223 = UNCERTAINTY_MEASURE_WITH_UNIT(LENGTH_MEASURE(1.E-07),#4220,
  'distance_accuracy_value','confusion accuracy');
#4224 = CONTEXT_DEPENDENT_SHAPE_REPRESENTATION(#4225,#4227);
#4225 = ( REPRESENTATION_RELATIONSHIP('','',#4218,#10) 
REPRESENTATION_RELATIONSHIP_WITH_TRANSFORMATION(#4226) 
SHAPE_REPRESENTATION_RELATIONSHIP() );
#4226 = ITEM_DEFINED_TRANSFORMATION('','',#11,#39);
#4227 = PRODUCT_DEFINITION_SHAPE('Placement','Placement of an item',
  #4228);
#4228 = NEXT_ASSEMBLY_USAGE_OCCURRENCE('7','=>[0:1:1:8]','',#5,#4213,$);
#4229 = PRODUCT_RELATED_PRODUCT_CATEGORY('part',$,(#4215));
#4230 = MECHANICAL_DESIGN_GEOMETRIC_PRESENTATION_REPRESENTATION('',(
    #4231,#4241,#4249,#4256,#4263,#4270,#4277,#4284,#4291,#4298,#4305,
    #4312,#4319,#4326,#4333,#4340,#4347,#4354,#4361,#4368,#4375,#4382,
    #4389,#4396,#4403,#4410,#4417,#4424,#4431,#4438,#4445,#4452,#4459,
    #4466,#4473,#4480,#4487,#4494,#4501,#4508,#4515,#4522,#4529,#4536,
    #4543,#4550,#4557,#4564,#4571,#4578,#4585,#4592,#4599,#4606,#4613,
    #4620,#4627,#4634,#4641,#4648,#4655,#4662,#4669,#4676,#4683,#4690,
    #4697,#4704,#4711,#4718,#4725,#4732,#4739,#4746,#4753,#4760,#4767,
    #4774,#4781,#4788,#4795,#4802,#4809,#4816,#4823,#4830,#4837,#4844,
    #4851,#4858,#4865,#4872,#4879,#4886,#4893,#4900,#4907,#4914,#4921,
    #4928,#4935,#4942,#4949,#4956,#4963,#4970,#4977,#4984,#4991,#4998,
    #5005),#4105);
#4231 = STYLED_ITEM('color',(#4232),#57);
#4232 = PRESENTATION_STYLE_ASSIGNMENT((#4233,#4239));
#4233 = SURFACE_STYLE_USAGE(.BOTH.,#4234);
#4234 = SURFACE_SIDE_STYLE('',(#4235));
#4235 = SURFACE_STYLE_FILL_AREA(#4236);
#4236 = FILL_AREA_STYLE('',(#4237));
#4237 = FILL_AREA_STYLE_COLOUR('',#4238);
#4238 = COLOUR_RGB('',0.,0.417002959305,0.637991923926);
#4239 = CURVE_STYLE('',#4240,POSITIVE_LENGTH_MEASURE(0.1),#4238);
#4240 = DRAUGHTING_PRE_DEFINED_CURVE_FONT('continuous');
#4241 = OVER_RIDING_STYLED_ITEM('overriding color',(#4242),#59,#4231);
#4242 = PRESENTATION_STYLE_ASSIGNMENT((#4243));
#4243 = SURFACE_STYLE_USAGE(.BOTH.,#4244);
#4244 = SURFACE_SIDE_STYLE('',(#4245));
#4245 = SURFACE_STYLE_FILL_AREA(#4246);
#4246 = FILL_AREA_STYLE('',(#4247));
#4247 = FILL_AREA_STYLE_COLOUR('',#4248);
#4248 = COLOUR_RGB('',0.937179583391,0.9357410338,0.649182888601);
#4249 = OVER_RIDING_STYLED_ITEM('overriding color',(#4250),#101,#4231);
#4250 = PRESENTATION_STYLE_ASSIGNMENT((#4251));
#4251 = SURFACE_STYLE_USAGE(.BOTH.,#4252);
#4252 = SURFACE_SIDE_STYLE('',(#4253));
#4253 = SURFACE_STYLE_FILL_AREA(#4254);
#4254 = FILL_AREA_STYLE('',(#4255));
#4255 = FILL_AREA_STYLE_COLOUR('',#4248);
#4256 = OVER_RIDING_STYLED_ITEM('overriding color',(#4257),#132,#4231);
#4257 = PRESENTATION_STYLE_ASSIGNMENT((#4258));
#4258 = SURFACE_STYLE_USAGE(.BOTH.,#4259);
#4259 = SURFACE_SIDE_STYLE('',(#4260));
#4260 = SURFACE_STYLE_FILL_AREA(#4261);
#4261 = FILL_AREA_STYLE('',(#4262));
#4262 = FILL_AREA_STYLE_COLOUR('',#4248);
#4263 = OVER_RIDING_STYLED_ITEM('overriding color',(#4264),#165,#4231);
#4264 = PRESENTATION_STYLE_ASSIGNMENT((#4265));
#4265 = SURFACE_STYLE_USAGE(.BOTH.,#4266);
#4266 = SURFACE_SIDE_STYLE('',(#4267));
#4267 = SURFACE_STYLE_FILL_AREA(#4268);
#4268 = FILL_AREA_STYLE('',(#4269));
#4269 = FILL_AREA_STYLE_COLOUR('',#4248);
#4270 = OVER_RIDING_STYLED_ITEM('overriding color',(#4271),#196,#4231);
#4271 = PRESENTATION_STYLE_ASSIGNMENT((#4272));
#4272 = SURFACE_STYLE_USAGE(.BOTH.,#4273);
#4273 = SURFACE_SIDE_STYLE('',(#4274));
#4274 = SURFACE_STYLE_FILL_AREA(#4275);
#4275 = FILL_AREA_STYLE('',(#4276));
#4276 = FILL_AREA_STYLE_COLOUR('',#4248);
#4277 = OVER_RIDING_STYLED_ITEM('overriding color',(#4278),#229,#4231);
#4278 = PRESENTATION_STYLE_ASSIGNMENT((#4279));
#4279 = SURFACE_STYLE_USAGE(.BOTH.,#4280);
#4280 = SURFACE_SIDE_STYLE('',(#4281));
#4281 = SURFACE_STYLE_FILL_AREA(#4282);
#4282 = FILL_AREA_STYLE('',(#4283));
#4283 = FILL_AREA_STYLE_COLOUR('',#4248);
#4284 = OVER_RIDING_STYLED_ITEM('overriding color',(#4285),#260,#4231);
#4285 = PRESENTATION_STYLE_ASSIGNMENT((#4286));
#4286 = SURFACE_STYLE_USAGE(.BOTH.,#4287);
#4287 = SURFACE_SIDE_STYLE('',(#4288));
#4288 = SURFACE_STYLE_FILL_AREA(#4289);
#4289 = FILL_AREA_STYLE('',(#4290));
#4290 = FILL_AREA_STYLE_COLOUR('',#4248);
#4291 = OVER_RIDING_STYLED_ITEM('overriding color',(#4292),#293,#4231);
#4292 = PRESENTATION_STYLE_ASSIGNMENT((#4293));
#4293 = SURFACE_STYLE_USAGE(.BOTH.,#4294);
#4294 = SURFACE_SIDE_STYLE('',(#4295));
#4295 = SURFACE_STYLE_FILL_AREA(#4296);
#4296 = FILL_AREA_STYLE('',(#4297));
#4297 = FILL_AREA_STYLE_COLOUR('',#4248);
#4298 = OVER_RIDING_STYLED_ITEM('overriding color',(#4299),#315,#4231);
#4299 = PRESENTATION_STYLE_ASSIGNMENT((#4300));
#4300 = SURFACE_STYLE_USAGE(.BOTH.,#4301);
#4301 = SURFACE_SIDE_STYLE('',(#4302));
#4302 = SURFACE_STYLE_FILL_AREA(#4303);
#4303 = FILL_AREA_STYLE('',(#4304));
#4304 = FILL_AREA_STYLE_COLOUR('',#4248);
#4305 = OVER_RIDING_STYLED_ITEM('overriding color',(#4306),#357,#4231);
#4306 = PRESENTATION_STYLE_ASSIGNMENT((#4307));
#4307 = SURFACE_STYLE_USAGE(.BOTH.,#4308);
#4308 = SURFACE_SIDE_STYLE('',(#4309));
#4309 = SURFACE_STYLE_FILL_AREA(#4310);
#4310 = FILL_AREA_STYLE('',(#4311));
#4311 = FILL_AREA_STYLE_COLOUR('',#4248);
#4312 = OVER_RIDING_STYLED_ITEM('overriding color',(#4313),#381,#4231);
#4313 = PRESENTATION_STYLE_ASSIGNMENT((#4314));
#4314 = SURFACE_STYLE_USAGE(.BOTH.,#4315);
#4315 = SURFACE_SIDE_STYLE('',(#4316));
#4316 = SURFACE_STYLE_FILL_AREA(#4317);
#4317 = FILL_AREA_STYLE('',(#4318));
#4318 = FILL_AREA_STYLE_COLOUR('',#4248);
#4319 = OVER_RIDING_STYLED_ITEM('overriding color',(#4320),#423,#4231);
#4320 = PRESENTATION_STYLE_ASSIGNMENT((#4321));
#4321 = SURFACE_STYLE_USAGE(.BOTH.,#4322);
#4322 = SURFACE_SIDE_STYLE('',(#4323));
#4323 = SURFACE_STYLE_FILL_AREA(#4324);
#4324 = FILL_AREA_STYLE('',(#4325));
#4325 = FILL_AREA_STYLE_COLOUR('',#4248);
#4326 = OVER_RIDING_STYLED_ITEM('overriding color',(#4327),#447,#4231);
#4327 = PRESENTATION_STYLE_ASSIGNMENT((#4328));
#4328 = SURFACE_STYLE_USAGE(.BOTH.,#4329);
#4329 = SURFACE_SIDE_STYLE('',(#4330));
#4330 = SURFACE_STYLE_FILL_AREA(#4331);
#4331 = FILL_AREA_STYLE('',(#4332));
#4332 = FILL_AREA_STYLE_COLOUR('',#4248);
#4333 = OVER_RIDING_STYLED_ITEM('overriding color',(#4334),#489,#4231);
#4334 = PRESENTATION_STYLE_ASSIGNMENT((#4335));
#4335 = SURFACE_STYLE_USAGE(.BOTH.,#4336);
#4336 = SURFACE_SIDE_STYLE('',(#4337));
#4337 = SURFACE_STYLE_FILL_AREA(#4338);
#4338 = FILL_AREA_STYLE('',(#4339));
#4339 = FILL_AREA_STYLE_COLOUR('',#4248);
#4340 = OVER_RIDING_STYLED_ITEM('overriding color',(#4341),#513,#4231);
#4341 = PRESENTATION_STYLE_ASSIGNMENT((#4342));
#4342 = SURFACE_STYLE_USAGE(.BOTH.,#4343);
#4343 = SURFACE_SIDE_STYLE('',(#4344));
#4344 = SURFACE_STYLE_FILL_AREA(#4345);
#4345 = FILL_AREA_STYLE('',(#4346));
#4346 = FILL_AREA_STYLE_COLOUR('',#4248);
#4347 = OVER_RIDING_STYLED_ITEM('overriding color',(#4348),#555,#4231);
#4348 = PRESENTATION_STYLE_ASSIGNMENT((#4349));
#4349 = SURFACE_STYLE_USAGE(.BOTH.,#4350);
#4350 = SURFACE_SIDE_STYLE('',(#4351));
#4351 = SURFACE_STYLE_FILL_AREA(#4352);
#4352 = FILL_AREA_STYLE('',(#4353));
#4353 = FILL_AREA_STYLE_COLOUR('',#4248);
#4354 = OVER_RIDING_STYLED_ITEM('overriding color',(#4355),#579,#4231);
#4355 = PRESENTATION_STYLE_ASSIGNMENT((#4356));
#4356 = SURFACE_STYLE_USAGE(.BOTH.,#4357);
#4357 = SURFACE_SIDE_STYLE('',(#4358));
#4358 = SURFACE_STYLE_FILL_AREA(#4359);
#4359 = FILL_AREA_STYLE('',(#4360));
#4360 = FILL_AREA_STYLE_COLOUR('',#4248);
#4361 = OVER_RIDING_STYLED_ITEM('overriding color',(#4362),#621,#4231);
#4362 = PRESENTATION_STYLE_ASSIGNMENT((#4363));
#4363 = SURFACE_STYLE_USAGE(.BOTH.,#4364);
#4364 = SURFACE_SIDE_STYLE('',(#4365));
#4365 = SURFACE_STYLE_FILL_AREA(#4366);
#4366 = FILL_AREA_STYLE('',(#4367));
#4367 = FILL_AREA_STYLE_COLOUR('',#4248);
#4368 = OVER_RIDING_STYLED_ITEM('overriding color',(#4369),#645,#4231);
#4369 = PRESENTATION_STYLE_ASSIGNMENT((#4370));
#4370 = SURFACE_STYLE_USAGE(.BOTH.,#4371);
#4371 = SURFACE_SIDE_STYLE('',(#4372));
#4372 = SURFACE_STYLE_FILL_AREA(#4373);
#4373 = FILL_AREA_STYLE('',(#4374));
#4374 = FILL_AREA_STYLE_COLOUR('',#4248);
#4375 = OVER_RIDING_STYLED_ITEM('overriding color',(#4376),#687,#4231);
#4376 = PRESENTATION_STYLE_ASSIGNMENT((#4377));
#4377 = SURFACE_STYLE_USAGE(.BOTH.,#4378);
#4378 = SURFACE_SIDE_STYLE('',(#4379));
#4379 = SURFACE_STYLE_FILL_AREA(#4380);
#4380 = FILL_AREA_STYLE('',(#4381));
#4381 = FILL_AREA_STYLE_COLOUR('',#4248);
#4382 = OVER_RIDING_STYLED_ITEM('overriding color',(#4383),#711,#4231);
#4383 = PRESENTATION_STYLE_ASSIGNMENT((#4384));
#4384 = SURFACE_STYLE_USAGE(.BOTH.,#4385);
#4385 = SURFACE_SIDE_STYLE('',(#4386));
#4386 = SURFACE_STYLE_FILL_AREA(#4387);
#4387 = FILL_AREA_STYLE('',(#4388));
#4388 = FILL_AREA_STYLE_COLOUR('',#4248);
#4389 = OVER_RIDING_STYLED_ITEM('overriding color',(#4390),#753,#4231);
#4390 = PRESENTATION_STYLE_ASSIGNMENT((#4391));
#4391 = SURFACE_STYLE_USAGE(.BOTH.,#4392);
#4392 = SURFACE_SIDE_STYLE('',(#4393));
#4393 = SURFACE_STYLE_FILL_AREA(#4394);
#4394 = FILL_AREA_STYLE('',(#4395));
#4395 = FILL_AREA_STYLE_COLOUR('',#4248);
#4396 = OVER_RIDING_STYLED_ITEM('overriding color',(#4397),#777,#4231);
#4397 = PRESENTATION_STYLE_ASSIGNMENT((#4398));
#4398 = SURFACE_STYLE_USAGE(.BOTH.,#4399);
#4399 = SURFACE_SIDE_STYLE('',(#4400));
#4400 = SURFACE_STYLE_FILL_AREA(#4401);
#4401 = FILL_AREA_STYLE('',(#4402));
#4402 = FILL_AREA_STYLE_COLOUR('',#4248);
#4403 = OVER_RIDING_STYLED_ITEM('overriding color',(#4404),#819,#4231);
#4404 = PRESENTATION_STYLE_ASSIGNMENT((#4405));
#4405 = SURFACE_STYLE_USAGE(.BOTH.,#4406);
#4406 = SURFACE_SIDE_STYLE('',(#4407));
#4407 = SURFACE_STYLE_FILL_AREA(#4408);
#4408 = FILL_AREA_STYLE('',(#4409));
#4409 = FILL_AREA_STYLE_COLOUR('',#4248);
#4410 = OVER_RIDING_STYLED_ITEM('overriding color',(#4411),#843,#4231);
#4411 = PRESENTATION_STYLE_ASSIGNMENT((#4412));
#4412 = SURFACE_STYLE_USAGE(.BOTH.,#4413);
#4413 = SURFACE_SIDE_STYLE('',(#4414));
#4414 = SURFACE_STYLE_FILL_AREA(#4415);
#4415 = FILL_AREA_STYLE('',(#4416));
#4416 = FILL_AREA_STYLE_COLOUR('',#4248);
#4417 = OVER_RIDING_STYLED_ITEM('overriding color',(#4418),#885,#4231);
#4418 = PRESENTATION_STYLE_ASSIGNMENT((#4419));
#4419 = SURFACE_STYLE_USAGE(.BOTH.,#4420);
#4420 = SURFACE_SIDE_STYLE('',(#4421));
#4421 = SURFACE_STYLE_FILL_AREA(#4422);
#4422 = FILL_AREA_STYLE('',(#4423));
#4423 = FILL_AREA_STYLE_COLOUR('',#4248);
#4424 = OVER_RIDING_STYLED_ITEM('overriding color',(#4425),#909,#4231);
#4425 = PRESENTATION_STYLE_ASSIGNMENT((#4426));
#4426 = SURFACE_STYLE_USAGE(.BOTH.,#4427);
#4427 = SURFACE_SIDE_STYLE('',(#4428));
#4428 = SURFACE_STYLE_FILL_AREA(#4429);
#4429 = FILL_AREA_STYLE('',(#4430));
#4430 = FILL_AREA_STYLE_COLOUR('',#4248);
#4431 = OVER_RIDING_STYLED_ITEM('overriding color',(#4432),#951,#4231);
#4432 = PRESENTATION_STYLE_ASSIGNMENT((#4433));
#4433 = SURFACE_STYLE_USAGE(.BOTH.,#4434);
#4434 = SURFACE_SIDE_STYLE('',(#4435));
#4435 = SURFACE_STYLE_FILL_AREA(#4436);
#4436 = FILL_AREA_STYLE('',(#4437));
#4437 = FILL_AREA_STYLE_COLOUR('',#4248);
#4438 = OVER_RIDING_STYLED_ITEM('overriding color',(#4439),#975,#4231);
#4439 = PRESENTATION_STYLE_ASSIGNMENT((#4440));
#4440 = SURFACE_STYLE_USAGE(.BOTH.,#4441);
#4441 = SURFACE_SIDE_STYLE('',(#4442));
#4442 = SURFACE_STYLE_FILL_AREA(#4443);
#4443 = FILL_AREA_STYLE('',(#4444));
#4444 = FILL_AREA_STYLE_COLOUR('',#4248);
#4445 = OVER_RIDING_STYLED_ITEM('overriding color',(#4446),#1017,#4231);
#4446 = PRESENTATION_STYLE_ASSIGNMENT((#4447));
#4447 = SURFACE_STYLE_USAGE(.BOTH.,#4448);
#4448 = SURFACE_SIDE_STYLE('',(#4449));
#4449 = SURFACE_STYLE_FILL_AREA(#4450);
#4450 = FILL_AREA_STYLE('',(#4451));
#4451 = FILL_AREA_STYLE_COLOUR('',#4248);
#4452 = OVER_RIDING_STYLED_ITEM('overriding color',(#4453),#1041,#4231);
#4453 = PRESENTATION_STYLE_ASSIGNMENT((#4454));
#4454 = SURFACE_STYLE_USAGE(.BOTH.,#4455);
#4455 = SURFACE_SIDE_STYLE('',(#4456));
#4456 = SURFACE_STYLE_FILL_AREA(#4457);
#4457 = FILL_AREA_STYLE('',(#4458));
#4458 = FILL_AREA_STYLE_COLOUR('',#4248);
#4459 = OVER_RIDING_STYLED_ITEM('overriding color',(#4460),#1083,#4231);
#4460 = PRESENTATION_STYLE_ASSIGNMENT((#4461));
#4461 = SURFACE_STYLE_USAGE(.BOTH.,#4462);
#4462 = SURFACE_SIDE_STYLE('',(#4463));
#4463 = SURFACE_STYLE_FILL_AREA(#4464);
#4464 = FILL_AREA_STYLE('',(#4465));
#4465 = FILL_AREA_STYLE_COLOUR('',#4248);
#4466 = OVER_RIDING_STYLED_ITEM('overriding color',(#4467),#1107,#4231);
#4467 = PRESENTATION_STYLE_ASSIGNMENT((#4468));
#4468 = SURFACE_STYLE_USAGE(.BOTH.,#4469);
#4469 = SURFACE_SIDE_STYLE('',(#4470));
#4470 = SURFACE_STYLE_FILL_AREA(#4471);
#4471 = FILL_AREA_STYLE('',(#4472));
#4472 = FILL_AREA_STYLE_COLOUR('',#4248);
#4473 = OVER_RIDING_STYLED_ITEM('overriding color',(#4474),#1149,#4231);
#4474 = PRESENTATION_STYLE_ASSIGNMENT((#4475));
#4475 = SURFACE_STYLE_USAGE(.BOTH.,#4476);
#4476 = SURFACE_SIDE_STYLE('',(#4477));
#4477 = SURFACE_STYLE_FILL_AREA(#4478);
#4478 = FILL_AREA_STYLE('',(#4479));
#4479 = FILL_AREA_STYLE_COLOUR('',#4248);
#4480 = OVER_RIDING_STYLED_ITEM('overriding color',(#4481),#1173,#4231);
#4481 = PRESENTATION_STYLE_ASSIGNMENT((#4482));
#4482 = SURFACE_STYLE_USAGE(.BOTH.,#4483);
#4483 = SURFACE_SIDE_STYLE('',(#4484));
#4484 = SURFACE_STYLE_FILL_AREA(#4485);
#4485 = FILL_AREA_STYLE('',(#4486));
#4486 = FILL_AREA_STYLE_COLOUR('',#4248);
#4487 = OVER_RIDING_STYLED_ITEM('overriding color',(#4488),#1215,#4231);
#4488 = PRESENTATION_STYLE_ASSIGNMENT((#4489));
#4489 = SURFACE_STYLE_USAGE(.BOTH.,#4490);
#4490 = SURFACE_SIDE_STYLE('',(#4491));
#4491 = SURFACE_STYLE_FILL_AREA(#4492);
#4492 = FILL_AREA_STYLE('',(#4493));
#4493 = FILL_AREA_STYLE_COLOUR('',#4248);
#4494 = OVER_RIDING_STYLED_ITEM('overriding color',(#4495),#1239,#4231);
#4495 = PRESENTATION_STYLE_ASSIGNMENT((#4496));
#4496 = SURFACE_STYLE_USAGE(.BOTH.,#4497);
#4497 = SURFACE_SIDE_STYLE('',(#4498));
#4498 = SURFACE_STYLE_FILL_AREA(#4499);
#4499 = FILL_AREA_STYLE('',(#4500));
#4500 = FILL_AREA_STYLE_COLOUR('',#4248);
#4501 = OVER_RIDING_STYLED_ITEM('overriding color',(#4502),#1281,#4231);
#4502 = PRESENTATION_STYLE_ASSIGNMENT((#4503));
#4503 = SURFACE_STYLE_USAGE(.BOTH.,#4504);
#4504 = SURFACE_SIDE_STYLE('',(#4505));
#4505 = SURFACE_STYLE_FILL_AREA(#4506);
#4506 = FILL_AREA_STYLE('',(#4507));
#4507 = FILL_AREA_STYLE_COLOUR('',#4248);
#4508 = OVER_RIDING_STYLED_ITEM('overriding color',(#4509),#1305,#4231);
#4509 = PRESENTATION_STYLE_ASSIGNMENT((#4510));
#4510 = SURFACE_STYLE_USAGE(.BOTH.,#4511);
#4511 = SURFACE_SIDE_STYLE('',(#4512));
#4512 = SURFACE_STYLE_FILL_AREA(#4513);
#4513 = FILL_AREA_STYLE('',(#4514));
#4514 = FILL_AREA_STYLE_COLOUR('',#4248);
#4515 = OVER_RIDING_STYLED_ITEM('overriding color',(#4516),#1347,#4231);
#4516 = PRESENTATION_STYLE_ASSIGNMENT((#4517));
#4517 = SURFACE_STYLE_USAGE(.BOTH.,#4518);
#4518 = SURFACE_SIDE_STYLE('',(#4519));
#4519 = SURFACE_STYLE_FILL_AREA(#4520);
#4520 = FILL_AREA_STYLE('',(#4521));
#4521 = FILL_AREA_STYLE_COLOUR('',#4248);
#4522 = OVER_RIDING_STYLED_ITEM('overriding color',(#4523),#1371,#4231);
#4523 = PRESENTATION_STYLE_ASSIGNMENT((#4524));
#4524 = SURFACE_STYLE_USAGE(.BOTH.,#4525);
#4525 = SURFACE_SIDE_STYLE('',(#4526));
#4526 = SURFACE_STYLE_FILL_AREA(#4527);
#4527 = FILL_AREA_STYLE('',(#4528));
#4528 = FILL_AREA_STYLE_COLOUR('',#4248);
#4529 = OVER_RIDING_STYLED_ITEM('overriding color',(#4530),#1413,#4231);
#4530 = PRESENTATION_STYLE_ASSIGNMENT((#4531));
#4531 = SURFACE_STYLE_USAGE(.BOTH.,#4532);
#4532 = SURFACE_SIDE_STYLE('',(#4533));
#4533 = SURFACE_STYLE_FILL_AREA(#4534);
#4534 = FILL_AREA_STYLE('',(#4535));
#4535 = FILL_AREA_STYLE_COLOUR('',#4248);
#4536 = OVER_RIDING_STYLED_ITEM('overriding color',(#4537),#1437,#4231);
#4537 = PRESENTATION_STYLE_ASSIGNMENT((#4538));
#4538 = SURFACE_STYLE_USAGE(.BOTH.,#4539);
#4539 = SURFACE_SIDE_STYLE('',(#4540));
#4540 = SURFACE_STYLE_FILL_AREA(#4541);
#4541 = FILL_AREA_STYLE('',(#4542));
#4542 = FILL_AREA_STYLE_COLOUR('',#4248);
#4543 = OVER_RIDING_STYLED_ITEM('overriding color',(#4544),#1479,#4231);
#4544 = PRESENTATION_STYLE_ASSIGNMENT((#4545));
#4545 = SURFACE_STYLE_USAGE(.BOTH.,#4546);
#4546 = SURFACE_SIDE_STYLE('',(#4547));
#4547 = SURFACE_STYLE_FILL_AREA(#4548);
#4548 = FILL_AREA_STYLE('',(#4549));
#4549 = FILL_AREA_STYLE_COLOUR('',#4248);
#4550 = OVER_RIDING_STYLED_ITEM('overriding color',(#4551),#1503,#4231);
#4551 = PRESENTATION_STYLE_ASSIGNMENT((#4552));
#4552 = SURFACE_STYLE_USAGE(.BOTH.,#4553);
#4553 = SURFACE_SIDE_STYLE('',(#4554));
#4554 = SURFACE_STYLE_FILL_AREA(#4555);
#4555 = FILL_AREA_STYLE('',(#4556));
#4556 = FILL_AREA_STYLE_COLOUR('',#4248);
#4557 = OVER_RIDING_STYLED_ITEM('overriding color',(#4558),#1545,#4231);
#4558 = PRESENTATION_STYLE_ASSIGNMENT((#4559));
#4559 = SURFACE_STYLE_USAGE(.BOTH.,#4560);
#4560 = SURFACE_SIDE_STYLE('',(#4561));
#4561 = SURFACE_STYLE_FILL_AREA(#4562);
#4562 = FILL_AREA_STYLE('',(#4563));
#4563 = FILL_AREA_STYLE_COLOUR('',#4248);
#4564 = OVER_RIDING_STYLED_ITEM('overriding color',(#4565),#1569,#4231);
#4565 = PRESENTATION_STYLE_ASSIGNMENT((#4566));
#4566 = SURFACE_STYLE_USAGE(.BOTH.,#4567);
#4567 = SURFACE_SIDE_STYLE('',(#4568));
#4568 = SURFACE_STYLE_FILL_AREA(#4569);
#4569 = FILL_AREA_STYLE('',(#4570));
#4570 = FILL_AREA_STYLE_COLOUR('',#4248);
#4571 = OVER_RIDING_STYLED_ITEM('overriding color',(#4572),#1611,#4231);
#4572 = PRESENTATION_STYLE_ASSIGNMENT((#4573));
#4573 = SURFACE_STYLE_USAGE(.BOTH.,#4574);
#4574 = SURFACE_SIDE_STYLE('',(#4575));
#4575 = SURFACE_STYLE_FILL_AREA(#4576);
#4576 = FILL_AREA_STYLE('',(#4577));
#4577 = FILL_AREA_STYLE_COLOUR('',#4248);
#4578 = OVER_RIDING_STYLED_ITEM('overriding color',(#4579),#1635,#4231);
#4579 = PRESENTATION_STYLE_ASSIGNMENT((#4580));
#4580 = SURFACE_STYLE_USAGE(.BOTH.,#4581);
#4581 = SURFACE_SIDE_STYLE('',(#4582));
#4582 = SURFACE_STYLE_FILL_AREA(#4583);
#4583 = FILL_AREA_STYLE('',(#4584));
#4584 = FILL_AREA_STYLE_COLOUR('',#4248);
#4585 = OVER_RIDING_STYLED_ITEM('overriding color',(#4586),#1677,#4231);
#4586 = PRESENTATION_STYLE_ASSIGNMENT((#4587));
#4587 = SURFACE_STYLE_USAGE(.BOTH.,#4588);
#4588 = SURFACE_SIDE_STYLE('',(#4589));
#4589 = SURFACE_STYLE_FILL_AREA(#4590);
#4590 = FILL_AREA_STYLE('',(#4591));
#4591 = FILL_AREA_STYLE_COLOUR('',#4248);
#4592 = OVER_RIDING_STYLED_ITEM('overriding color',(#4593),#1701,#4231);
#4593 = PRESENTATION_STYLE_ASSIGNMENT((#4594));
#4594 = SURFACE_STYLE_USAGE(.BOTH.,#4595);
#4595 = SURFACE_SIDE_STYLE('',(#4596));
#4596 = SURFACE_STYLE_FILL_AREA(#4597);
#4597 = FILL_AREA_STYLE('',(#4598));
#4598 = FILL_AREA_STYLE_COLOUR('',#4248);
#4599 = OVER_RIDING_STYLED_ITEM('overriding color',(#4600),#1743,#4231);
#4600 = PRESENTATION_STYLE_ASSIGNMENT((#4601));
#4601 = SURFACE_STYLE_USAGE(.BOTH.,#4602);
#4602 = SURFACE_SIDE_STYLE('',(#4603));
#4603 = SURFACE_STYLE_FILL_AREA(#4604);
#4604 = FILL_AREA_STYLE('',(#4605));
#4605 = FILL_AREA_STYLE_COLOUR('',#4248);
#4606 = OVER_RIDING_STYLED_ITEM('overriding color',(#4607),#1767,#4231);
#4607 = PRESENTATION_STYLE_ASSIGNMENT((#4608));
#4608 = SURFACE_STYLE_USAGE(.BOTH.,#4609);
#4609 = SURFACE_SIDE_STYLE('',(#4610));
#4610 = SURFACE_STYLE_FILL_AREA(#4611);
#4611 = FILL_AREA_STYLE('',(#4612));
#4612 = FILL_AREA_STYLE_COLOUR('',#4248);
#4613 = OVER_RIDING_STYLED_ITEM('overriding color',(#4614),#1809,#4231);
#4614 = PRESENTATION_STYLE_ASSIGNMENT((#4615));
#4615 = SURFACE_STYLE_USAGE(.BOTH.,#4616);
#4616 = SURFACE_SIDE_STYLE('',(#4617));
#4617 = SURFACE_STYLE_FILL_AREA(#4618);
#4618 = FILL_AREA_STYLE('',(#4619));
#4619 = FILL_AREA_STYLE_COLOUR('',#4248);
#4620 = OVER_RIDING_STYLED_ITEM('overriding color',(#4621),#1833,#4231);
#4621 = PRESENTATION_STYLE_ASSIGNMENT((#4622));
#4622 = SURFACE_STYLE_USAGE(.BOTH.,#4623);
#4623 = SURFACE_SIDE_STYLE('',(#4624));
#4624 = SURFACE_STYLE_FILL_AREA(#4625);
#4625 = FILL_AREA_STYLE('',(#4626));
#4626 = FILL_AREA_STYLE_COLOUR('',#4248);
#4627 = OVER_RIDING_STYLED_ITEM('overriding color',(#4628),#1875,#4231);
#4628 = PRESENTATION_STYLE_ASSIGNMENT((#4629));
#4629 = SURFACE_STYLE_USAGE(.BOTH.,#4630);
#4630 = SURFACE_SIDE_STYLE('',(#4631));
#4631 = SURFACE_STYLE_FILL_AREA(#4632);
#4632 = FILL_AREA_STYLE('',(#4633));
#4633 = FILL_AREA_STYLE_COLOUR('',#4248);
#4634 = OVER_RIDING_STYLED_ITEM('overriding color',(#4635),#1899,#4231);
#4635 = PRESENTATION_STYLE_ASSIGNMENT((#4636));
#4636 = SURFACE_STYLE_USAGE(.BOTH.,#4637);
#4637 = SURFACE_SIDE_STYLE('',(#4638));
#4638 = SURFACE_STYLE_FILL_AREA(#4639);
#4639 = FILL_AREA_STYLE('',(#4640));
#4640 = FILL_AREA_STYLE_COLOUR('',#4248);
#4641 = OVER_RIDING_STYLED_ITEM('overriding color',(#4642),#1941,#4231);
#4642 = PRESENTATION_STYLE_ASSIGNMENT((#4643));
#4643 = SURFACE_STYLE_USAGE(.BOTH.,#4644);
#4644 = SURFACE_SIDE_STYLE('',(#4645));
#4645 = SURFACE_STYLE_FILL_AREA(#4646);
#4646 = FILL_AREA_STYLE('',(#4647));
#4647 = FILL_AREA_STYLE_COLOUR('',#4248);
#4648 = OVER_RIDING_STYLED_ITEM('overriding color',(#4649),#1965,#4231);
#4649 = PRESENTATION_STYLE_ASSIGNMENT((#4650));
#4650 = SURFACE_STYLE_USAGE(.BOTH.,#4651);
#4651 = SURFACE_SIDE_STYLE('',(#4652));
#4652 = SURFACE_STYLE_FILL_AREA(#4653);
#4653 = FILL_AREA_STYLE('',(#4654));
#4654 = FILL_AREA_STYLE_COLOUR('',#4248);
#4655 = OVER_RIDING_STYLED_ITEM('overriding color',(#4656),#2007,#4231);
#4656 = PRESENTATION_STYLE_ASSIGNMENT((#4657));
#4657 = SURFACE_STYLE_USAGE(.BOTH.,#4658);
#4658 = SURFACE_SIDE_STYLE('',(#4659));
#4659 = SURFACE_STYLE_FILL_AREA(#4660);
#4660 = FILL_AREA_STYLE('',(#4661));
#4661 = FILL_AREA_STYLE_COLOUR('',#4248);
#4662 = OVER_RIDING_STYLED_ITEM('overriding color',(#4663),#2031,#4231);
#4663 = PRESENTATION_STYLE_ASSIGNMENT((#4664));
#4664 = SURFACE_STYLE_USAGE(.BOTH.,#4665);
#4665 = SURFACE_SIDE_STYLE('',(#4666));
#4666 = SURFACE_STYLE_FILL_AREA(#4667);
#4667 = FILL_AREA_STYLE('',(#4668));
#4668 = FILL_AREA_STYLE_COLOUR('',#4248);
#4669 = OVER_RIDING_STYLED_ITEM('overriding color',(#4670),#2073,#4231);
#4670 = PRESENTATION_STYLE_ASSIGNMENT((#4671));
#4671 = SURFACE_STYLE_USAGE(.BOTH.,#4672);
#4672 = SURFACE_SIDE_STYLE('',(#4673));
#4673 = SURFACE_STYLE_FILL_AREA(#4674);
#4674 = FILL_AREA_STYLE('',(#4675));
#4675 = FILL_AREA_STYLE_COLOUR('',#4248);
#4676 = OVER_RIDING_STYLED_ITEM('overriding color',(#4677),#2097,#4231);
#4677 = PRESENTATION_STYLE_ASSIGNMENT((#4678));
#4678 = SURFACE_STYLE_USAGE(.BOTH.,#4679);
#4679 = SURFACE_SIDE_STYLE('',(#4680));
#4680 = SURFACE_STYLE_FILL_AREA(#4681);
#4681 = FILL_AREA_STYLE('',(#4682));
#4682 = FILL_AREA_STYLE_COLOUR('',#4248);
#4683 = OVER_RIDING_STYLED_ITEM('overriding color',(#4684),#2139,#4231);
#4684 = PRESENTATION_STYLE_ASSIGNMENT((#4685));
#4685 = SURFACE_STYLE_USAGE(.BOTH.,#4686);
#4686 = SURFACE_SIDE_STYLE('',(#4687));
#4687 = SURFACE_STYLE_FILL_AREA(#4688);
#4688 = FILL_AREA_STYLE('',(#4689));
#4689 = FILL_AREA_STYLE_COLOUR('',#4248);
#4690 = OVER_RIDING_STYLED_ITEM('overriding color',(#4691),#2163,#4231);
#4691 = PRESENTATION_STYLE_ASSIGNMENT((#4692));
#4692 = SURFACE_STYLE_USAGE(.BOTH.,#4693);
#4693 = SURFACE_SIDE_STYLE('',(#4694));
#4694 = SURFACE_STYLE_FILL_AREA(#4695);
#4695 = FILL_AREA_STYLE('',(#4696));
#4696 = FILL_AREA_STYLE_COLOUR('',#4248);
#4697 = OVER_RIDING_STYLED_ITEM('overriding color',(#4698),#2205,#4231);
#4698 = PRESENTATION_STYLE_ASSIGNMENT((#4699));
#4699 = SURFACE_STYLE_USAGE(.BOTH.,#4700);
#4700 = SURFACE_SIDE_STYLE('',(#4701));
#4701 = SURFACE_STYLE_FILL_AREA(#4702);
#4702 = FILL_AREA_STYLE('',(#4703));
#4703 = FILL_AREA_STYLE_COLOUR('',#4248);
#4704 = OVER_RIDING_STYLED_ITEM('overriding color',(#4705),#2229,#4231);
#4705 = PRESENTATION_STYLE_ASSIGNMENT((#4706));
#4706 = SURFACE_STYLE_USAGE(.BOTH.,#4707);
#4707 = SURFACE_SIDE_STYLE('',(#4708));
#4708 = SURFACE_STYLE_FILL_AREA(#4709);
#4709 = FILL_AREA_STYLE('',(#4710));
#4710 = FILL_AREA_STYLE_COLOUR('',#4248);
#4711 = OVER_RIDING_STYLED_ITEM('overriding color',(#4712),#2271,#4231);
#4712 = PRESENTATION_STYLE_ASSIGNMENT((#4713));
#4713 = SURFACE_STYLE_USAGE(.BOTH.,#4714);
#4714 = SURFACE_SIDE_STYLE('',(#4715));
#4715 = SURFACE_STYLE_FILL_AREA(#4716);
#4716 = FILL_AREA_STYLE('',(#4717));
#4717 = FILL_AREA_STYLE_COLOUR('',#4248);
#4718 = OVER_RIDING_STYLED_ITEM('overriding color',(#4719),#2295,#4231);
#4719 = PRESENTATION_STYLE_ASSIGNMENT((#4720));
#4720 = SURFACE_STYLE_USAGE(.BOTH.,#4721);
#4721 = SURFACE_SIDE_STYLE('',(#4722));
#4722 = SURFACE_STYLE_FILL_AREA(#4723);
#4723 = FILL_AREA_STYLE('',(#4724));
#4724 = FILL_AREA_STYLE_COLOUR('',#4248);
#4725 = OVER_RIDING_STYLED_ITEM('overriding color',(#4726),#2337,#4231);
#4726 = PRESENTATION_STYLE_ASSIGNMENT((#4727));
#4727 = SURFACE_STYLE_USAGE(.BOTH.,#4728);
#4728 = SURFACE_SIDE_STYLE('',(#4729));
#4729 = SURFACE_STYLE_FILL_AREA(#4730);
#4730 = FILL_AREA_STYLE('',(#4731));
#4731 = FILL_AREA_STYLE_COLOUR('',#4248);
#4732 = OVER_RIDING_STYLED_ITEM('overriding color',(#4733),#2361,#4231);
#4733 = PRESENTATION_STYLE_ASSIGNMENT((#4734));
#4734 = SURFACE_STYLE_USAGE(.BOTH.,#4735);
#4735 = SURFACE_SIDE_STYLE('',(#4736));
#4736 = SURFACE_STYLE_FILL_AREA(#4737);
#4737 = FILL_AREA_STYLE('',(#4738));
#4738 = FILL_AREA_STYLE_COLOUR('',#4248);
#4739 = OVER_RIDING_STYLED_ITEM('overriding color',(#4740),#2403,#4231);
#4740 = PRESENTATION_STYLE_ASSIGNMENT((#4741));
#4741 = SURFACE_STYLE_USAGE(.BOTH.,#4742);
#4742 = SURFACE_SIDE_STYLE('',(#4743));
#4743 = SURFACE_STYLE_FILL_AREA(#4744);
#4744 = FILL_AREA_STYLE('',(#4745));
#4745 = FILL_AREA_STYLE_COLOUR('',#4248);
#4746 = OVER_RIDING_STYLED_ITEM('overriding color',(#4747),#2427,#4231);
#4747 = PRESENTATION_STYLE_ASSIGNMENT((#4748));
#4748 = SURFACE_STYLE_USAGE(.BOTH.,#4749);
#4749 = SURFACE_SIDE_STYLE('',(#4750));
#4750 = SURFACE_STYLE_FILL_AREA(#4751);
#4751 = FILL_AREA_STYLE('',(#4752));
#4752 = FILL_AREA_STYLE_COLOUR('',#4248);
#4753 = OVER_RIDING_STYLED_ITEM('overriding color',(#4754),#2469,#4231);
#4754 = PRESENTATION_STYLE_ASSIGNMENT((#4755));
#4755 = SURFACE_STYLE_USAGE(.BOTH.,#4756);
#4756 = SURFACE_SIDE_STYLE('',(#4757));
#4757 = SURFACE_STYLE_FILL_AREA(#4758);
#4758 = FILL_AREA_STYLE('',(#4759));
#4759 = FILL_AREA_STYLE_COLOUR('',#4248);
#4760 = OVER_RIDING_STYLED_ITEM('overriding color',(#4761),#2493,#4231);
#4761 = PRESENTATION_STYLE_ASSIGNMENT((#4762));
#4762 = SURFACE_STYLE_USAGE(.BOTH.,#4763);
#4763 = SURFACE_SIDE_STYLE('',(#4764));
#4764 = SURFACE_STYLE_FILL_AREA(#4765);
#4765 = FILL_AREA_STYLE('',(#4766));
#4766 = FILL_AREA_STYLE_COLOUR('',#4248);
#4767 = OVER_RIDING_STYLED_ITEM('overriding color',(#4768),#2535,#4231);
#4768 = PRESENTATION_STYLE_ASSIGNMENT((#4769));
#4769 = SURFACE_STYLE_USAGE(.BOTH.,#4770);
#4770 = SURFACE_SIDE_STYLE('',(#4771));
#4771 = SURFACE_STYLE_FILL_AREA(#4772);
#4772 = FILL_AREA_STYLE('',(#4773));
#4773 = FILL_AREA_STYLE_COLOUR('',#4248);
#4774 = OVER_RIDING_STYLED_ITEM('overriding color',(#4775),#2559,#4231);
#4775 = PRESENTATION_STYLE_ASSIGNMENT((#4776));
#4776 = SURFACE_STYLE_USAGE(.BOTH.,#4777);
#4777 = SURFACE_SIDE_STYLE('',(#4778));
#4778 = SURFACE_STYLE_FILL_AREA(#4779);
#4779 = FILL_AREA_STYLE('',(#4780));
#4780 = FILL_AREA_STYLE_COLOUR('',#4248);
#4781 = OVER_RIDING_STYLED_ITEM('overriding color',(#4782),#2601,#4231);
#4782 = PRESENTATION_STYLE_ASSIGNMENT((#4783));
#4783 = SURFACE_STYLE_USAGE(.BOTH.,#4784);
#4784 = SURFACE_SIDE_STYLE('',(#4785));
#4785 = SURFACE_STYLE_FILL_AREA(#4786);
#4786 = FILL_AREA_STYLE('',(#4787));
#4787 = FILL_AREA_STYLE_COLOUR('',#4248);
#4788 = OVER_RIDING_STYLED_ITEM('overriding color',(#4789),#2625,#4231);
#4789 = PRESENTATION_STYLE_ASSIGNMENT((#4790));
#4790 = SURFACE_STYLE_USAGE(.BOTH.,#4791);
#4791 = SURFACE_SIDE_STYLE('',(#4792));
#4792 = SURFACE_STYLE_FILL_AREA(#4793);
#4793 = FILL_AREA_STYLE('',(#4794));
#4794 = FILL_AREA_STYLE_COLOUR('',#4248);
#4795 = OVER_RIDING_STYLED_ITEM('overriding color',(#4796),#2667,#4231);
#4796 = PRESENTATION_STYLE_ASSIGNMENT((#4797));
#4797 = SURFACE_STYLE_USAGE(.BOTH.,#4798);
#4798 = SURFACE_SIDE_STYLE('',(#4799));
#4799 = SURFACE_STYLE_FILL_AREA(#4800);
#4800 = FILL_AREA_STYLE('',(#4801));
#4801 = FILL_AREA_STYLE_COLOUR('',#4248);
#4802 = OVER_RIDING_STYLED_ITEM('overriding color',(#4803),#2691,#4231);
#4803 = PRESENTATION_STYLE_ASSIGNMENT((#4804));
#4804 = SURFACE_STYLE_USAGE(.BOTH.,#4805);
#4805 = SURFACE_SIDE_STYLE('',(#4806));
#4806 = SURFACE_STYLE_FILL_AREA(#4807);
#4807 = FILL_AREA_STYLE('',(#4808));
#4808 = FILL_AREA_STYLE_COLOUR('',#4248);
#4809 = OVER_RIDING_STYLED_ITEM('overriding color',(#4810),#2733,#4231);
#4810 = PRESENTATION_STYLE_ASSIGNMENT((#4811));
#4811 = SURFACE_STYLE_USAGE(.BOTH.,#4812);
#4812 = SURFACE_SIDE_STYLE('',(#4813));
#4813 = SURFACE_STYLE_FILL_AREA(#4814);
#4814 = FILL_AREA_STYLE('',(#4815));
#4815 = FILL_AREA_STYLE_COLOUR('',#4248);
#4816 = OVER_RIDING_STYLED_ITEM('overriding color',(#4817),#2757,#4231);
#4817 = PRESENTATION_STYLE_ASSIGNMENT((#4818));
#4818 = SURFACE_STYLE_USAGE(.BOTH.,#4819);
#4819 = SURFACE_SIDE_STYLE('',(#4820));
#4820 = SURFACE_STYLE_FILL_AREA(#4821);
#4821 = FILL_AREA_STYLE('',(#4822));
#4822 = FILL_AREA_STYLE_COLOUR('',#4248);
#4823 = OVER_RIDING_STYLED_ITEM('overriding color',(#4824),#2799,#4231);
#4824 = PRESENTATION_STYLE_ASSIGNMENT((#4825));
#4825 = SURFACE_STYLE_USAGE(.BOTH.,#4826);
#4826 = SURFACE_SIDE_STYLE('',(#4827));
#4827 = SURFACE_STYLE_FILL_AREA(#4828);
#4828 = FILL_AREA_STYLE('',(#4829));
#4829 = FILL_AREA_STYLE_COLOUR('',#4248);
#4830 = OVER_RIDING_STYLED_ITEM('overriding color',(#4831),#2823,#4231);
#4831 = PRESENTATION_STYLE_ASSIGNMENT((#4832));
#4832 = SURFACE_STYLE_USAGE(.BOTH.,#4833);
#4833 = SURFACE_SIDE_STYLE('',(#4834));
#4834 = SURFACE_STYLE_FILL_AREA(#4835);
#4835 = FILL_AREA_STYLE('',(#4836));
#4836 = FILL_AREA_STYLE_COLOUR('',#4248);
#4837 = OVER_RIDING_STYLED_ITEM('overriding color',(#4838),#2865,#4231);
#4838 = PRESENTATION_STYLE_ASSIGNMENT((#4839));
#4839 = SURFACE_STYLE_USAGE(.BOTH.,#4840);
#4840 = SURFACE_SIDE_STYLE('',(#4841));
#4841 = SURFACE_STYLE_FILL_AREA(#4842);
#4842 = FILL_AREA_STYLE('',(#4843));
#4843 = FILL_AREA_STYLE_COLOUR('',#4248);
#4844 = OVER_RIDING_STYLED_ITEM('overriding color',(#4845),#2889,#4231);
#4845 = PRESENTATION_STYLE_ASSIGNMENT((#4846));
#4846 = SURFACE_STYLE_USAGE(.BOTH.,#4847);
#4847 = SURFACE_SIDE_STYLE('',(#4848));
#4848 = SURFACE_STYLE_FILL_AREA(#4849);
#4849 = FILL_AREA_STYLE('',(#4850));
#4850 = FILL_AREA_STYLE_COLOUR('',#4248);
#4851 = OVER_RIDING_STYLED_ITEM('overriding color',(#4852),#2931,#4231);
#4852 = PRESENTATION_STYLE_ASSIGNMENT((#4853));
#4853 = SURFACE_STYLE_USAGE(.BOTH.,#4854);
#4854 = SURFACE_SIDE_STYLE('',(#4855));
#4855 = SURFACE_STYLE_FILL_AREA(#4856);
#4856 = FILL_AREA_STYLE('',(#4857));
#4857 = FILL_AREA_STYLE_COLOUR('',#4248);
#4858 = OVER_RIDING_STYLED_ITEM('overriding color',(#4859),#2955,#4231);
#4859 = PRESENTATION_STYLE_ASSIGNMENT((#4860));
#4860 = SURFACE_STYLE_USAGE(.BOTH.,#4861);
#4861 = SURFACE_SIDE_STYLE('',(#4862));
#4862 = SURFACE_STYLE_FILL_AREA(#4863);
#4863 = FILL_AREA_STYLE('',(#4864));
#4864 = FILL_AREA_STYLE_COLOUR('',#4248);
#4865 = OVER_RIDING_STYLED_ITEM('overriding color',(#4866),#2997,#4231);
#4866 = PRESENTATION_STYLE_ASSIGNMENT((#4867));
#4867 = SURFACE_STYLE_USAGE(.BOTH.,#4868);
#4868 = SURFACE_SIDE_STYLE('',(#4869));
#4869 = SURFACE_STYLE_FILL_AREA(#4870);
#4870 = FILL_AREA_STYLE('',(#4871));
#4871 = FILL_AREA_STYLE_COLOUR('',#4248);
#4872 = OVER_RIDING_STYLED_ITEM('overriding color',(#4873),#3021,#4231);
#4873 = PRESENTATION_STYLE_ASSIGNMENT((#4874));
#4874 = SURFACE_STYLE_USAGE(.BOTH.,#4875);
#4875 = SURFACE_SIDE_STYLE('',(#4876));
#4876 = SURFACE_STYLE_FILL_AREA(#4877);
#4877 = FILL_AREA_STYLE('',(#4878));
#4878 = FILL_AREA_STYLE_COLOUR('',#4248);
#4879 = OVER_RIDING_STYLED_ITEM('overriding color',(#4880),#3063,#4231);
#4880 = PRESENTATION_STYLE_ASSIGNMENT((#4881));
#4881 = SURFACE_STYLE_USAGE(.BOTH.,#4882);
#4882 = SURFACE_SIDE_STYLE('',(#4883));
#4883 = SURFACE_STYLE_FILL_AREA(#4884);
#4884 = FILL_AREA_STYLE('',(#4885));
#4885 = FILL_AREA_STYLE_COLOUR('',#4248);
#4886 = OVER_RIDING_STYLED_ITEM('overriding color',(#4887),#3087,#4231);
#4887 = PRESENTATION_STYLE_ASSIGNMENT((#4888));
#4888 = SURFACE_STYLE_USAGE(.BOTH.,#4889);
#4889 = SURFACE_SIDE_STYLE('',(#4890));
#4890 = SURFACE_STYLE_FILL_AREA(#4891);
#4891 = FILL_AREA_STYLE('',(#4892));
#4892 = FILL_AREA_STYLE_COLOUR('',#4248);
#4893 = OVER_RIDING_STYLED_ITEM('overriding color',(#4894),#3129,#4231);
#4894 = PRESENTATION_STYLE_ASSIGNMENT((#4895));
#4895 = SURFACE_STYLE_USAGE(.BOTH.,#4896);
#4896 = SURFACE_SIDE_STYLE('',(#4897));
#4897 = SURFACE_STYLE_FILL_AREA(#4898);
#4898 = FILL_AREA_STYLE('',(#4899));
#4899 = FILL_AREA_STYLE_COLOUR('',#4248);
#4900 = OVER_RIDING_STYLED_ITEM('overriding color',(#4901),#3153,#4231);
#4901 = PRESENTATION_STYLE_ASSIGNMENT((#4902));
#4902 = SURFACE_STYLE_USAGE(.BOTH.,#4903);
#4903 = SURFACE_SIDE_STYLE('',(#4904));
#4904 = SURFACE_STYLE_FILL_AREA(#4905);
#4905 = FILL_AREA_STYLE('',(#4906));
#4906 = FILL_AREA_STYLE_COLOUR('',#4248);
#4907 = OVER_RIDING_STYLED_ITEM('overriding color',(#4908),#3195,#4231);
#4908 = PRESENTATION_STYLE_ASSIGNMENT((#4909));
#4909 = SURFACE_STYLE_USAGE(.BOTH.,#4910);
#4910 = SURFACE_SIDE_STYLE('',(#4911));
#4911 = SURFACE_STYLE_FILL_AREA(#4912);
#4912 = FILL_AREA_STYLE('',(#4913));
#4913 = FILL_AREA_STYLE_COLOUR('',#4248);
#4914 = OVER_RIDING_STYLED_ITEM('overriding color',(#4915),#3219,#4231);
#4915 = PRESENTATION_STYLE_ASSIGNMENT((#4916));
#4916 = SURFACE_STYLE_USAGE(.BOTH.,#4917);
#4917 = SURFACE_SIDE_STYLE('',(#4918));
#4918 = SURFACE_STYLE_FILL_AREA(#4919);
#4919 = FILL_AREA_STYLE('',(#4920));
#4920 = FILL_AREA_STYLE_COLOUR('',#4248);
#4921 = OVER_RIDING_STYLED_ITEM('overriding color',(#4922),#3261,#4231);
#4922 = PRESENTATION_STYLE_ASSIGNMENT((#4923));
#4923 = SURFACE_STYLE_USAGE(.BOTH.,#4924);
#4924 = SURFACE_SIDE_STYLE('',(#4925));
#4925 = SURFACE_STYLE_FILL_AREA(#4926);
#4926 = FILL_AREA_STYLE('',(#4927));
#4927 = FILL_AREA_STYLE_COLOUR('',#4248);
#4928 = OVER_RIDING_STYLED_ITEM('overriding color',(#4929),#3285,#4231);
#4929 = PRESENTATION_STYLE_ASSIGNMENT((#4930));
#4930 = SURFACE_STYLE_USAGE(.BOTH.,#4931);
#4931 = SURFACE_SIDE_STYLE('',(#4932));
#4932 = SURFACE_STYLE_FILL_AREA(#4933);
#4933 = FILL_AREA_STYLE('',(#4934));
#4934 = FILL_AREA_STYLE_COLOUR('',#4248);
#4935 = OVER_RIDING_STYLED_ITEM('overriding color',(#4936),#3327,#4231);
#4936 = PRESENTATION_STYLE_ASSIGNMENT((#4937));
#4937 = SURFACE_STYLE_USAGE(.BOTH.,#4938);
#4938 = SURFACE_SIDE_STYLE('',(#4939));
#4939 = SURFACE_STYLE_FILL_AREA(#4940);
#4940 = FILL_AREA_STYLE('',(#4941));
#4941 = FILL_AREA_STYLE_COLOUR('',#4248);
#4942 = OVER_RIDING_STYLED_ITEM('overriding color',(#4943),#3351,#4231);
#4943 = PRESENTATION_STYLE_ASSIGNMENT((#4944));
#4944 = SURFACE_STYLE_USAGE(.BOTH.,#4945);
#4945 = SURFACE_SIDE_STYLE('',(#4946));
#4946 = SURFACE_STYLE_FILL_AREA(#4947);
#4947 = FILL_AREA_STYLE('',(#4948));
#4948 = FILL_AREA_STYLE_COLOUR('',#4248);
#4949 = OVER_RIDING_STYLED_ITEM('overriding color',(#4950),#3391,#4231);
#4950 = PRESENTATION_STYLE_ASSIGNMENT((#4951));
#4951 = SURFACE_STYLE_USAGE(.BOTH.,#4952);
#4952 = SURFACE_SIDE_STYLE('',(#4953));
#4953 = SURFACE_STYLE_FILL_AREA(#4954);
#4954 = FILL_AREA_STYLE('',(#4955));
#4955 = FILL_AREA_STYLE_COLOUR('',#4248);
#4956 = OVER_RIDING_STYLED_ITEM('overriding color',(#4957),#3424,#4231);
#4957 = PRESENTATION_STYLE_ASSIGNMENT((#4958));
#4958 = SURFACE_STYLE_USAGE(.BOTH.,#4959);
#4959 = SURFACE_SIDE_STYLE('',(#4960));
#4960 = SURFACE_STYLE_FILL_AREA(#4961);
#4961 = FILL_AREA_STYLE('',(#4962));
#4962 = FILL_AREA_STYLE_COLOUR('',#4248);
#4963 = OVER_RIDING_STYLED_ITEM('overriding color',(#4964),#3455,#4231);
#4964 = PRESENTATION_STYLE_ASSIGNMENT((#4965));
#4965 = SURFACE_STYLE_USAGE(.BOTH.,#4966);
#4966 = SURFACE_SIDE_STYLE('',(#4967));
#4967 = SURFACE_STYLE_FILL_AREA(#4968);
#4968 = FILL_AREA_STYLE('',(#4969));
#4969 = FILL_AREA_STYLE_COLOUR('',#4248);
#4970 = OVER_RIDING_STYLED_ITEM('overriding color',(#4971),#3479,#4231);
#4971 = PRESENTATION_STYLE_ASSIGNMENT((#4972));
#4972 = SURFACE_STYLE_USAGE(.BOTH.,#4973);
#4973 = SURFACE_SIDE_STYLE('',(#4974));
#4974 = SURFACE_STYLE_FILL_AREA(#4975);
#4975 = FILL_AREA_STYLE('',(#4976));
#4976 = FILL_AREA_STYLE_COLOUR('',#4248);
#4977 = OVER_RIDING_STYLED_ITEM('overriding color',(#4978),#3519,#4231);
#4978 = PRESENTATION_STYLE_ASSIGNMENT((#4979));
#4979 = SURFACE_STYLE_USAGE(.BOTH.,#4980);
#4980 = SURFACE_SIDE_STYLE('',(#4981));
#4981 = SURFACE_STYLE_FILL_AREA(#4982);
#4982 = FILL_AREA_STYLE('',(#4983));
#4983 = FILL_AREA_STYLE_COLOUR('',#4248);
#4984 = OVER_RIDING_STYLED_ITEM('overriding color',(#4985),#3552,#4231);
#4985 = PRESENTATION_STYLE_ASSIGNMENT((#4986));
#4986 = SURFACE_STYLE_USAGE(.BOTH.,#4987);
#4987 = SURFACE_SIDE_STYLE('',(#4988));
#4988 = SURFACE_STYLE_FILL_AREA(#4989);
#4989 = FILL_AREA_STYLE('',(#4990));
#4990 = FILL_AREA_STYLE_COLOUR('',#4248);
#4991 = OVER_RIDING_STYLED_ITEM('overriding color',(#4992),#3583,#4231);
#4992 = PRESENTATION_STYLE_ASSIGNMENT((#4993));
#4993 = SURFACE_STYLE_USAGE(.BOTH.,#4994);
#4994 = SURFACE_SIDE_STYLE('',(#4995));
#4995 = SURFACE_STYLE_FILL_AREA(#4996);
#4996 = FILL_AREA_STYLE('',(#4997));
#4997 = FILL_AREA_STYLE_COLOUR('',#4248);
#4998 = OVER_RIDING_STYLED_ITEM('overriding color',(#4999),#3607,#4231);
#4999 = PRESENTATION_STYLE_ASSIGNMENT((#5000));
#5000 = SURFACE_STYLE_USAGE(.BOTH.,#5001);
#5001 = SURFACE_SIDE_STYLE('',(#5002));
#5002 = SURFACE_STYLE_FILL_AREA(#5003);
#5003 = FILL_AREA_STYLE('',(#5004));
#5004 = FILL_AREA_STYLE_COLOUR('',#4248);
#5005 = OVER_RIDING_STYLED_ITEM('overriding color',(#5006),#3649,#4231);
#5006 = PRESENTATION_STYLE_ASSIGNMENT((#5007));
#5007 = SURFACE_STYLE_USAGE(.BOTH.,#5008);
#5008 = SURFACE_SIDE_STYLE('',(#5009));
#5009 = SURFACE_STYLE_FILL_AREA(#5010);
#5010 = FILL_AREA_STYLE('',(#5011));
#5011 = FILL_AREA_STYLE_COLOUR('',#4248);
ENDSEC;
END-ISO-10303-21;
